{
    "1-Insertions_4.col": {
        "answer": 1,
        "encoding_time": 0.002041339874267578,
        "solving_time": 3.712707042694092
    },
    "2-Insertions_3.col": {
        "answer": 1,
        "encoding_time": 0.002168893814086914,
        "solving_time": 0.022973299026489258
    },
    "2-Insertions_4.col": {
        "answer": "?",
        "encoding_time": 0.011483907699584961,
        "solving_time": 1200.0450429916382
    },
    "3-Insertions_3.col": {
        "answer": 1,
        "encoding_time": 0.0025789737701416016,
        "solving_time": 0.0637674331665039
    },
    "4-Insertions_3.col": {
        "answer": 1,
        "encoding_time": 0.004468202590942383,
        "solving_time": 0.08180475234985352
    },
    "anna.col": {
        "answer": "?",
        "encoding_time": 0.010821819305419922,
        "solving_time": 1200.0269420146942
    },
    "david.col": {
        "answer": "?",
        "encoding_time": 0.0030715465545654297,
        "solving_time": 1200.065221786499
    },
    "fpsol2.i.1.col": {
        "answer": "?",
        "encoding_time": 0.07784509658813477,
        "solving_time": 1200.0547890663147
    },
    "fpsol2.i.2.col": {
        "answer": "?",
        "encoding_time": 0.05878853797912598,
        "solving_time": 1200.0681076049805
    },
    "fpsol2.i.3.col": {
        "answer": "?",
        "encoding_time": 0.06649184226989746,
        "solving_time": 1200.032674074173
    },
    "games120.col": {
        "answer": 1,
        "encoding_time": 0.004343748092651367,
        "solving_time": 342.1970753669739
    },
    "homer.col": {
        "answer": "?",
        "encoding_time": 0.013169288635253906,
        "solving_time": 1200.0850596427917
    },
    "huck.col": {
        "answer": "?",
        "encoding_time": 0.0025787353515625,
        "solving_time": 1200.0671939849854
    },
    "inithx.i.1.col": {
        "answer": "?",
        "encoding_time": 0.13309240341186523,
        "solving_time": 1200.1449992656708
    },
    "inithx.i.2.col": {
        "answer": "?",
        "encoding_time": 0.09962916374206543,
        "solving_time": 1200.0847129821777
    },
    "inithx.i.3.col": {
        "answer": "?",
        "encoding_time": 0.09810876846313477,
        "solving_time": 1200.046730041504
    },
    "jean.col": {
        "answer": 1,
        "encoding_time": 0.003961324691772461,
        "solving_time": 4.918524503707886
    },
    "le450_15a.col": {
        "answer": "?",
        "encoding_time": 0.05062532424926758,
        "solving_time": 1200.0776119232178
    },
    "le450_15b.col": {
        "answer": "?",
        "encoding_time": 0.05843830108642578,
        "solving_time": 1200.0622835159302
    },
    "le450_15c.col": {
        "answer": "?",
        "encoding_time": 0.11302638053894043,
        "solving_time": 1200.1364595890045
    },
    "le450_15d.col": {
        "answer": "?",
        "encoding_time": 0.11943531036376953,
        "solving_time": 1200.141628742218
    },
    "le450_25a.col": {
        "answer": "?",
        "encoding_time": 0.05594992637634277,
        "solving_time": 1200.0727920532227
    },
    "le450_25b.col": {
        "answer": "?",
        "encoding_time": 0.05528450012207031,
        "solving_time": 1200.1303708553314
    },
    "le450_25c.col": {
        "answer": "?",
        "encoding_time": 0.12386369705200195,
        "solving_time": 1200.1191143989563
    },
    "le450_25d.col": {
        "answer": "?",
        "encoding_time": 0.11910271644592285,
        "solving_time": 1200.1271424293518
    },
    "le450_5a.col": {
        "answer": "?",
        "encoding_time": 0.0375058650970459,
        "solving_time": 1200.1140186786652
    },
    "le450_5b.col": {
        "answer": "?",
        "encoding_time": 0.045829057693481445,
        "solving_time": 1200.05078291893
    },
    "le450_5c.col": {
        "answer": "?",
        "encoding_time": 0.06811046600341797,
        "solving_time": 1200.1379654407501
    },
    "le450_5d.col": {
        "answer": "?",
        "encoding_time": 0.06836080551147461,
        "solving_time": 1200.1195323467255
    },
    "miles1000.col": {
        "answer": "?",
        "encoding_time": 0.0211942195892334,
        "solving_time": 1200.0180749893188
    },
    "miles1500.col": {
        "answer": "?",
        "encoding_time": 0.034592390060424805,
        "solving_time": 1200.0758867263794
    },
    "miles250.col": {
        "answer": 1,
        "encoding_time": 0.003130674362182617,
        "solving_time": 103.62595081329346
    },
    "miles500.col": {
        "answer": "?",
        "encoding_time": 0.007902383804321289,
        "solving_time": 1200.0272986888885
    },
    "miles750.col": {
        "answer": "?",
        "encoding_time": 0.017922401428222656,
        "solving_time": 1200.0232355594635
    },
    "mug100_1.col": {
        "answer": 1,
        "encoding_time": 0.004320859909057617,
        "solving_time": 5.323727607727051
    },
    "mug100_25.col": {
        "answer": 1,
        "encoding_time": 0.0016150474548339844,
        "solving_time": 4.576342821121216
    },
    "mug88_1.col": {
        "answer": 1,
        "encoding_time": 0.004076719284057617,
        "solving_time": 0.07160019874572754
    },
    "mug88_25.col": {
        "answer": 1,
        "encoding_time": 0.0040514469146728516,
        "solving_time": 4.516540288925171
    },
    "mulsol.i.1.col": {
        "answer": "?",
        "encoding_time": 0.04407835006713867,
        "solving_time": 1200.0265119075775
    },
    "mulsol.i.2.col": {
        "answer": "?",
        "encoding_time": 0.025272130966186523,
        "solving_time": 1200.047810792923
    },
    "mulsol.i.3.col": {
        "answer": "?",
        "encoding_time": 0.024721622467041016,
        "solving_time": 1200.0459957122803
    },
    "mulsol.i.4.col": {
        "answer": "?",
        "encoding_time": 0.025701522827148438,
        "solving_time": 1200.0475618839264
    },
    "mulsol.i.5.col": {
        "answer": "?",
        "encoding_time": 0.025029659271240234,
        "solving_time": 1200.0243079662323
    },
    "myciel3.col": {
        "answer": 1,
        "encoding_time": 0.00039577484130859375,
        "solving_time": 0.0326838493347168
    },
    "myciel4.col": {
        "answer": 1,
        "encoding_time": 0.0007555484771728516,
        "solving_time": 0.046436309814453125
    },
    "myciel5.col": {
        "answer": 1,
        "encoding_time": 0.0018041133880615234,
        "solving_time": 2.340819835662842
    },
    "myciel6.col": {
        "answer": "?",
        "encoding_time": 0.005136966705322266,
        "solving_time": 1200.0212769508362
    },
    "myciel7.col": {
        "answer": "?",
        "encoding_time": 0.016985416412353516,
        "solving_time": 1200.0442016124725
    },
    "qg.order100.col": {
        "answer": "?",
        "encoding_time": 9.428735971450806,
        "solving_time": 1200.1838734149933
    },
    "qg.order30.col": {
        "answer": "?",
        "encoding_time": 0.18602395057678223,
        "solving_time": 1200.124013185501
    },
    "qg.order40.col": {
        "answer": "?",
        "encoding_time": 0.42291998863220215,
        "solving_time": 1200.1392121315002
    },
    "qg.order60.col": {
        "answer": "?",
        "encoding_time": 1.622330665588379,
        "solving_time": 1200.1758151054382
    },
    "queen11_11.col": {
        "answer": "?",
        "encoding_time": 0.013013839721679688,
        "solving_time": 1200.0165989398956
    },
    "queen13_13.col": {
        "answer": "?",
        "encoding_time": 0.022287845611572266,
        "solving_time": 1200.123337984085
    },
    "queen5_5.col": {
        "answer": 1,
        "encoding_time": 0.002765655517578125,
        "solving_time": 78.00233554840088
    },
    "queen6_6.col": {
        "answer": "?",
        "encoding_time": 0.0019693374633789062,
        "solving_time": 1200.0167500972748
    },
    "queen7_7.col": {
        "answer": "?",