{
    "1-Insertions_4.col": {
        "answer": 1,
        "encoding_time": 0.0026595592498779297,
        "solving_time": 0.3100275993347168
    },
    "2-Insertions_3.col": {
        "answer": 1,
        "encoding_time": 0.002863645553588867,
        "solving_time": 0.13973069190979004
    },
    "2-Insertions_4.col": {
        "answer": "?",
        "encoding_time": 0.01497650146484375,
        "solving_time": 1200.1139917373657
    },
    "3-Insertions_3.col": {
        "answer": 1,
        "encoding_time": 0.0040280818939208984,
        "solving_time": 0.18180561065673828
    },
    "4-Insertions_3.col": {
        "answer": 1,
        "encoding_time": 0.005995988845825195,
        "solving_time": 0.2523796558380127
    },
    "anna.col": {
        "answer": 1,
        "encoding_time": 0.012404441833496094,
        "solving_time": 0.8793511390686035
    },
    "david.col": {
        "answer": 1,
        "encoding_time": 0.006726741790771484,
        "solving_time": 0.5625796318054199
    },
    "fpsol2.i.1.col": {
        "answer": 1,
        "encoding_time": 0.11496162414550781,
        "solving_time": 178.17447972297668
    },
    "fpsol2.i.2.col": {
        "answer": 1,
        "encoding_time": 0.09029984474182129,
        "solving_time": 55.70388579368591
    },
    "fpsol2.i.3.col": {
        "answer": 1,
        "encoding_time": 0.09286141395568848,
        "solving_time": 124.84037518501282
    },
    "games120.col": {
        "answer": 1,
        "encoding_time": 0.01031041145324707,
        "solving_time": 0.8823339939117432
    },
    "homer.col": {
        "answer": 1,
        "encoding_time": 0.01827692985534668,
        "solving_time": 13.336420059204102
    },
    "huck.col": {
        "answer": 1,
        "encoding_time": 0.008313655853271484,
        "solving_time": 0.4434471130371094
    },
    "inithx.i.1.col": {
        "answer": "?",
        "encoding_time": 0.18003559112548828,
        "solving_time": 1200.167442560196
    },
    "inithx.i.2.col": {
        "answer": "?",
        "encoding_time": 0.13788104057312012,
        "solving_time": 1200.144093990326
    },
    "inithx.i.3.col": {
        "answer": "?",
        "encoding_time": 0.1365375518798828,
        "solving_time": 1200.1468713283539
    },
    "jean.col": {
        "answer": 1,
        "encoding_time": 0.0031709671020507812,
        "solving_time": 0.41901278495788574
    },
    "le450_15a.col": {
        "answer": "?",
        "encoding_time": 0.08479785919189453,
        "solving_time": 1200.1386625766754
    },
    "le450_15b.col": {
        "answer": "?",
        "encoding_time": 0.08603239059448242,
        "solving_time": 1200.1379053592682
    },
    "le450_15c.col": {
        "answer": "?",
        "encoding_time": 0.16654539108276367,
        "solving_time": 1200.1572926044464
    },
    "le450_15d.col": {
        "answer": "?",
        "encoding_time": 0.1730811595916748,
        "solving_time": 1200.1901755332947
    },
    "le450_25a.col": {
        "answer": 1,
        "encoding_time": 0.07865333557128906,
        "solving_time": 46.91849946975708
    },
    "le450_25b.col": {
        "answer": "?",
        "encoding_time": 0.0848395824432373,
        "solving_time": 1200.1371722221375
    },
    "le450_25c.col": {
        "answer": "?",
        "encoding_time": 0.17456293106079102,
        "solving_time": 1200.1531755924225
    },
    "le450_25d.col": {
        "answer": "?",
        "encoding_time": 0.17010998725891113,
        "solving_time": 1200.0937480926514
    },
    "le450_5a.col": {
        "answer": 1,
        "encoding_time": 0.05549049377441406,
        "solving_time": 126.38524270057678
    },
    "le450_5b.col": {
        "answer": 1,
        "encoding_time": 0.06289529800415039,
        "solving_time": 98.6774001121521
    },
    "le450_5c.col": {
        "answer": 1,
        "encoding_time": 0.09814000129699707,
        "solving_time": 221.96210312843323
    },
    "le450_5d.col": {
        "answer": 1,
        "encoding_time": 0.09367704391479492,
        "solving_time": 103.34593319892883
    },
    "miles1000.col": {
        "answer": "?",
        "encoding_time": 0.028992176055908203,
        "solving_time": 1200.132966518402
    },
    "miles1500.col": {
        "answer": "?",
        "encoding_time": 0.05281496047973633,
        "solving_time": 1200.167481660843
    },
    "miles250.col": {
        "answer": 1,
        "encoding_time": 0.006192684173583984,
        "solving_time": 0.6939327716827393
    },
    "miles500.col": {
        "answer": 1,
        "encoding_time": 0.019553422927856445,
        "solving_time": 4.201938152313232
    },
    "miles750.col": {
        "answer": "?",
        "encoding_time": 0.019305944442749023,
        "solving_time": 1200.1655728816986
    },
    "mug100_1.col": {
        "answer": 1,
        "encoding_time": 0.004935741424560547,
        "solving_time": 0.3350954055786133
    },
    "mug100_25.col": {
        "answer": 1,
        "encoding_time": 0.006503582000732422,
        "solving_time": 0.2914764881134033
    },
    "mug88_1.col": {
        "answer": 1,
        "encoding_time": 0.006056308746337891,
        "solving_time": 0.24480724334716797
    },
    "mug88_25.col": {
        "answer": 1,
        "encoding_time": 0.0052869319915771484,
        "solving_time": 0.2507777214050293
    },
    "mulsol.i.1.col": {
        "answer": "?",
        "encoding_time": 0.05378127098083496,
        "solving_time": 1200.1613612174988
    },
    "mulsol.i.2.col": {
        "answer": 1,
        "encoding_time": 0.03934144973754883,
        "solving_time": 26.54812502861023
    },
    "mulsol.i.3.col": {
        "answer": 1,
        "encoding_time": 0.039597511291503906,
        "solving_time": 20.340242624282837
    },
    "mulsol.i.4.col": {
        "answer": "?",
        "encoding_time": 0.04345059394836426,
        "solving_time": 1200.1746509075165
    },
    "mulsol.i.5.col": {
        "answer": "?",
        "encoding_time": 0.0429995059967041,
        "solving_time": 1200.1620297431946
    },
    "myciel3.col": {
        "answer": 1,
        "encoding_time": 0.0007245540618896484,
        "solving_time": 0.11164379119873047
    },
    "myciel4.col": {
        "answer": 1,
        "encoding_time": 0.002709627151489258,
        "solving_time": 0.13763809204101562
    },
    "myciel5.col": {
        "answer": 1,
        "encoding_time": 0.007472991943359375,
        "solving_time": 0.2766082286834717
    },
    "myciel6.col": {
        "answer": 1,
        "encoding_time": 0.01452493667602539,
        "solving_time": 0.8449263572692871
    },
    "myciel7.col": {
        "answer": 1,
        "encoding_time": 0.03133225440979004,
        "solving_time": 3.8455982208251953
    },
    "qg.order100.col": {
        "answer": "?",
        "encoding_time": 11.715291023254395,
        "solving_time": 1202.1425347328186
    },
    "qg.order30.col": {
        "answer": "?",
        "encoding_time": 0.27875304222106934,
        "solving_time": 1200.1842041015625
    },
    "qg.order40.col": {
        "answer": "?",
        "encoding_time": 0.6519601345062256,
        "solving_time": 1200.2164573669434
    },
    "qg.order60.col": {
        "answer": "?",
        "encoding_time": 2.3377015590667725,
        "solving_time": 1200.5356867313385
    },
    "queen11_11.col": {
        "answer": "?",
        "encoding_time": 0.021325349807739258,
        "solving_time": 1200.1301009654999
    },
    "queen13_13.col": {
        "answer": "?",
        "encoding_time": 0.03674960136413574,
        "solving_time": 1200.1321008205414
    },
    "queen5_5.col": {
        "answer": 1,
        "encoding_time": 0.005984306335449219,
        "solving_time": 0.20037031173706055
    },
    "queen6_6.col": {
        "answer": 1,
        "encoding_time": 0.010735273361206055,
        "solving_time": 1.2572455406188965
    },
    "queen7_7.col": {
        "answer": 1,
        "encoding_time": 0.007830142974853516,