{
    "1-Insertions_4.col": {
        "answer": 1,
        "encoding_time": 0.005144357681274414,
        "solving_time": 0.29297351837158203
    },
    "2-Insertions_3.col": {
        "answer": 1,
        "encoding_time": 0.0010190010070800781,
        "solving_time": 0.0740814208984375
    },
    "2-Insertions_4.col": {
        "answer": "?",
        "encoding_time": 0.006073713302612305,
        "solving_time": 1200.1165761947632
    },
    "3-Insertions_3.col": {
        "answer": 1,
        "encoding_time": 0.0018515586853027344,
        "solving_time": 0.11916470527648926
    },
    "4-Insertions_3.col": {
        "answer": 1,
        "encoding_time": 0.0018839836120605469,
        "solving_time": 0.15555214881896973
    },
    "anna.col": {
        "answer": 1,
        "encoding_time": 0.005875587463378906,
        "solving_time": 0.9553799629211426
    },
    "david.col": {
        "answer": 1,
        "encoding_time": 0.004721641540527344,
        "solving_time": 1.4852368831634521
    },
    "fpsol2.i.1.col": {
        "answer": "?",
        "encoding_time": 0.12701845169067383,
        "solving_time": 1200.1361634731293
    },
    "fpsol2.i.2.col": {
        "answer": "?",
        "encoding_time": 0.10178160667419434,
        "solving_time": 1200.1219141483307
    },
    "fpsol2.i.3.col": {
        "answer": "?",
        "encoding_time": 0.10009002685546875,
        "solving_time": 1200.120287179947
    },
    "games120.col": {
        "answer": 1,
        "encoding_time": 0.011598348617553711,
        "solving_time": 1.5802483558654785
    },
    "homer.col": {
        "answer": 1,
        "encoding_time": 0.019622325897216797,
        "solving_time": 9.963957786560059
    },
    "huck.col": {
        "answer": 1,
        "encoding_time": 0.0037183761596679688,
        "solving_time": 0.5009992122650146
    },
    "inithx.i.1.col": {
        "answer": "?",
        "encoding_time": 0.20558476448059082,
        "solving_time": 1200.1317744255066
    },
    "inithx.i.2.col": {
        "answer": "?",
        "encoding_time": 0.16626286506652832,
        "solving_time": 1200.1397776603699
    },
    "inithx.i.3.col": {
        "answer": "?",
        "encoding_time": 0.1460404396057129,
        "solving_time": 1200.1229445934296
    },
    "jean.col": {
        "answer": 1,
        "encoding_time": 0.0029959678649902344,
        "solving_time": 0.45613670349121094
    },
    "le450_15a.col": {
        "answer": "?",
        "encoding_time": 0.08520054817199707,
        "solving_time": 1200.1351525783539
    },
    "le450_15b.col": {
        "answer": "?",
        "encoding_time": 0.10069108009338379,
        "solving_time": 1200.1401574611664
    },
    "le450_15c.col": {
        "answer": "?",
        "encoding_time": 0.19147610664367676,
        "solving_time": 1200.12824344635
    },
    "le450_15d.col": {
        "answer": "?",
        "encoding_time": 0.18917036056518555,
        "solving_time": 1200.1283371448517
    },
    "le450_25a.col": {
        "answer": "?",
        "encoding_time": 0.09502553939819336,
        "solving_time": 1200.132708787918
    },
    "le450_25b.col": {
        "answer": "?",
        "encoding_time": 0.094390869140625,
        "solving_time": 1200.1169440746307
    },
    "le450_25c.col": {
        "answer": "?",
        "encoding_time": 0.18799519538879395,
        "solving_time": 1200.129534959793
    },
    "le450_25d.col": {
        "answer": "?",
        "encoding_time": 0.18228673934936523,
        "solving_time": 1200.134634256363
    },
    "le450_5a.col": {
        "answer": 1,
        "encoding_time": 0.059149980545043945,
        "solving_time": 391.50129890441895
    },
    "le450_5b.col": {
        "answer": 1,
        "encoding_time": 0.06650996208190918,
        "solving_time": 909.3108334541321
    },
    "le450_5c.col": {
        "answer": 1,
        "encoding_time": 0.10252642631530762,
        "solving_time": 784.1550781726837
    },
    "le450_5d.col": {
        "answer": 1,
        "encoding_time": 0.10493230819702148,
        "solving_time": 1011.5073530673981
    },
    "miles1000.col": {
        "answer": "?",
        "encoding_time": 0.03139638900756836,
        "solving_time": 1200.1177189350128
    },
    "miles1500.col": {
        "answer": "?",
        "encoding_time": 0.059358835220336914,
        "solving_time": 1200.1257028579712
    },
    "miles250.col": {
        "answer": 1,
        "encoding_time": 0.006144285202026367,
        "solving_time": 2.060485601425171
    },
    "miles500.col": {
        "answer": 1,
        "encoding_time": 0.012514829635620117,
        "solving_time": 22.56054449081421
    },
    "miles750.col": {
        "answer": 1,
        "encoding_time": 0.024508237838745117,
        "solving_time": 1119.80752491951
    },
    "mug100_1.col": {
        "answer": 1,
        "encoding_time": 0.005228281021118164,
        "solving_time": 0.17200779914855957
    },
    "mug100_25.col": {
        "answer": 1,
        "encoding_time": 0.002349853515625,
        "solving_time": 0.16831135749816895
    },
    "mug88_1.col": {
        "answer": 1,
        "encoding_time": 0.0020508766174316406,
        "solving_time": 0.14466047286987305
    },
    "mug88_25.col": {
        "answer": 1,
        "encoding_time": 0.0019044876098632812,
        "solving_time": 0.14510488510131836
    },
    "mulsol.i.1.col": {
        "answer": "?",
        "encoding_time": 0.048981428146362305,
        "solving_time": 1200.1162405014038
    },
    "mulsol.i.2.col": {
        "answer": "?",
        "encoding_time": 0.04160785675048828,
        "solving_time": 1200.1167919635773
    },
    "mulsol.i.3.col": {
        "answer": "?",
        "encoding_time": 0.041069984436035156,
        "solving_time": 1200.124341249466
    },
    "mulsol.i.4.col": {
        "answer": "?",
        "encoding_time": 0.044701337814331055,
        "solving_time": 1200.1142592430115
    },
    "mulsol.i.5.col": {
        "answer": "?",
        "encoding_time": 0.043557167053222656,
        "solving_time": 1200.114803314209
    },
    "myciel3.col": {
        "answer": 1,
        "encoding_time": 0.001169443130493164,
        "solving_time": 0.03655052185058594
    },
    "myciel4.col": {
        "answer": 1,
        "encoding_time": 0.0008640289306640625,
        "solving_time": 0.08113980293273926
    },
    "myciel5.col": {
        "answer": 1,
        "encoding_time": 0.002841949462890625,
        "solving_time": 0.4941272735595703
    },
    "myciel6.col": {
        "answer": 1,
        "encoding_time": 0.008047103881835938,
        "solving_time": 3.904716968536377
    },
    "myciel7.col": {
        "answer": 1,
        "encoding_time": 0.02577662467956543,
        "solving_time": 63.218520164489746
    },
    "qg.order100.col": {
        "answer": "?",
        "encoding_time": 13.113410472869873,
        "solving_time": 1201.1006343364716
    },
    "qg.order30.col": {
        "answer": "?",
        "encoding_time": 0.2789607048034668,
        "solving_time": 1200.1525881290436
    },
    "qg.order40.col": {
        "answer": "?",
        "encoding_time": 0.7044591903686523,
        "solving_time": 1200.2231941223145
    },
    "qg.order60.col": {
        "answer": "?",
        "encoding_time": 2.630821704864502,
        "solving_time": 1200.3699498176575
    },
    "queen11_11.col": {
        "answer": "?",
        "encoding_time": 0.02034592628479004,
        "solving_time": 1200.1209554672241
    },
    "queen13_13.col": {
        "answer": "?",
        "encoding_time": 0.0418400764465332,
        "solving_time": 1200.1263132095337
    },
    "queen5_5.col": {
        "answer": 1,
        "encoding_time": 0.005786418914794922,
        "solving_time": 1.0280070304870605
    },
    "queen6_6.col": {
        "answer": 1,
        "encoding_time": 0.0036623477935791016,
        "solving_time": 9.028027057647705
    },
    "queen7_7.col": {
        "answer": 1,