{
    "1-Insertions_4.col": {
        "answer": 1,
        "encoding_time": 0.0022568702697753906,
        "solving_time": 0.017685651779174805
    },
    "2-Insertions_3.col": {
        "answer": 1,
        "encoding_time": 0.0007264614105224609,
        "solving_time": 0.008176803588867188
    },
    "2-Insertions_4.col": {
        "answer": "?",
        "encoding_time": 0.00458073616027832,
        "solving_time": 1200.104505777359
    },
    "3-Insertions_3.col": {
        "answer": 1,
        "encoding_time": 0.0034554004669189453,
        "solving_time": 0.016799449920654297
    },
    "4-Insertions_3.col": {
        "answer": 1,
        "encoding_time": 0.0015358924865722656,
        "solving_time": 0.019594430923461914
    },
    "anna.col": {
        "answer": 1,
        "encoding_time": 0.0056269168853759766,
        "solving_time": 0.09198331832885742
    },
    "david.col": {
        "answer": 1,
        "encoding_time": 0.00934910774230957,
        "solving_time": 0.0640406608581543
    },
    "fpsol2.i.1.col": {
        "answer": 1,
        "encoding_time": 0.09413266181945801,
        "solving_time": 129.5810260772705
    },
    "fpsol2.i.2.col": {
        "answer": 1,
        "encoding_time": 0.06487560272216797,
        "solving_time": 17.676923036575317
    },
    "fpsol2.i.3.col": {
        "answer": 1,
        "encoding_time": 0.06942176818847656,
        "solving_time": 30.4608736038208
    },
    "games120.col": {
        "answer": 1,
        "encoding_time": 0.009382247924804688,
        "solving_time": 0.10669207572937012
    },
    "homer.col": {
        "answer": 1,
        "encoding_time": 0.01779031753540039,
        "solving_time": 2.7095234394073486
    },
    "huck.col": {
        "answer": 1,
        "encoding_time": 0.007390260696411133,
        "solving_time": 0.024982213973999023
    },
    "inithx.i.1.col": {
        "answer": 1,
        "encoding_time": 0.13373827934265137,
        "solving_time": 39.12272500991821
    },
    "inithx.i.2.col": {
        "answer": 1,
        "encoding_time": 0.10344600677490234,
        "solving_time": 37.38635015487671
    },
    "inithx.i.3.col": {
        "answer": 1,
        "encoding_time": 0.09881591796875,
        "solving_time": 64.07893133163452
    },
    "jean.col": {
        "answer": 1,
        "encoding_time": 0.002523660659790039,
        "solving_time": 0.028082847595214844
    },
    "le450_15a.col": {
        "answer": 1,
        "encoding_time": 0.05924510955810547,
        "solving_time": 68.03396534919739
    },
    "le450_15b.col": {
        "answer": 1,
        "encoding_time": 0.06718707084655762,
        "solving_time": 15.778931617736816
    },
    "le450_15c.col": {
        "answer": "?",
        "encoding_time": 0.11652207374572754,
        "solving_time": 1200.109159231186
    },
    "le450_15d.col": {
        "answer": "?",
        "encoding_time": 0.11989474296569824,
        "solving_time": 1200.1080453395844
    },
    "le450_25a.col": {
        "answer": 1,
        "encoding_time": 0.059619903564453125,
        "solving_time": 12.021021127700806
    },
    "le450_25b.col": {
        "answer": 1,
        "encoding_time": 0.06047821044921875,
        "solving_time": 9.118048906326294
    },
    "le450_25c.col": {
        "answer": "?",
        "encoding_time": 0.12990713119506836,
        "solving_time": 1200.0868706703186
    },
    "le450_25d.col": {
        "answer": "?",
        "encoding_time": 0.12584376335144043,
        "solving_time": 1200.0114033222198
    },
    "le450_5a.col": {
        "answer": 1,
        "encoding_time": 0.039659738540649414,
        "solving_time": 33.97599244117737
    },
    "le450_5b.col": {
        "answer": 1,
        "encoding_time": 0.050481557846069336,
        "solving_time": 15.695714473724365
    },
    "le450_5c.col": {
        "answer": 1,
        "encoding_time": 0.07403230667114258,
        "solving_time": 2.907362699508667
    },
    "le450_5d.col": {
        "answer": 1,
        "encoding_time": 0.06942343711853027,
        "solving_time": 1.867337703704834
    },
    "miles1000.col": {
        "answer": 1,
        "encoding_time": 0.023578643798828125,
        "solving_time": 26.958502531051636
    },
    "miles1500.col": {
        "answer": 1,
        "encoding_time": 0.03437924385070801,
        "solving_time": 6.53416109085083
    },
    "miles250.col": {
        "answer": 1,
        "encoding_time": 0.006709098815917969,
        "solving_time": 0.10956764221191406
    },
    "miles500.col": {
        "answer": 1,
        "encoding_time": 0.01550912857055664,
        "solving_time": 1.7977006435394287
    },
    "miles750.col": {
        "answer": 1,
        "encoding_time": 0.02372145652770996,
        "solving_time": 9.47779130935669
    },
    "mug100_1.col": {
        "answer": 1,
        "encoding_time": 0.005002021789550781,
        "solving_time": 0.027789831161499023
    },
    "mug100_25.col": {
        "answer": 1,
        "encoding_time": 0.004099845886230469,
        "solving_time": 0.029319286346435547
    },
    "mug88_1.col": {
        "answer": 1,
        "encoding_time": 0.004403352737426758,
        "solving_time": 0.022459030151367188
    },
    "mug88_25.col": {
        "answer": 1,
        "encoding_time": 0.003747701644897461,
        "solving_time": 0.024709224700927734
    },
    "mulsol.i.1.col": {
        "answer": 1,
        "encoding_time": 0.037248849868774414,
        "solving_time": 32.41519522666931
    },
    "mulsol.i.2.col": {
        "answer": 1,
        "encoding_time": 0.029877662658691406,
        "solving_time": 2.6297454833984375
    },
    "mulsol.i.3.col": {
        "answer": 1,
        "encoding_time": 0.03391242027282715,
        "solving_time": 2.439868211746216
    },
    "mulsol.i.4.col": {
        "answer": 1,
        "encoding_time": 0.0344235897064209,
        "solving_time": 7.223224401473999
    },
    "mulsol.i.5.col": {
        "answer": 1,
        "encoding_time": 0.03760504722595215,
        "solving_time": 7.879232883453369
    },
    "myciel3.col": {
        "answer": 1,
        "encoding_time": 0.0009083747863769531,
        "solving_time": 0.00446629524230957
    },
    "myciel4.col": {
        "answer": 1,
        "encoding_time": 0.0014925003051757812,
        "solving_time": 0.008417367935180664
    },
    "myciel5.col": {
        "answer": 1,
        "encoding_time": 0.003875732421875,
        "solving_time": 0.015422821044921875
    },
    "myciel6.col": {
        "answer": 1,
        "encoding_time": 0.009325981140136719,
        "solving_time": 0.03670859336853027
    },
    "myciel7.col": {
        "answer": 1,
        "encoding_time": 0.026538372039794922,
        "solving_time": 0.1721959114074707
    },
    "qg.order100.col": {
        "answer": "?",
        "encoding_time": 9.209861755371094,
        "solving_time": 1200.5055301189423
    },
    "qg.order30.col": {
        "answer": 1,
        "encoding_time": 0.18071556091308594,
        "solving_time": 503.82984352111816
    },
    "qg.order40.col": {
        "answer": "?",
        "encoding_time": 0.4257841110229492,
        "solving_time": 1200.130057811737
    },
    "qg.order60.col": {
        "answer": "?",
        "encoding_time": 1.7723846435546875,
        "solving_time": 1200.1813588142395
    },
    "queen11_11.col": {
        "answer": "?",
        "encoding_time": 0.012804985046386719,
        "solving_time": 1200.1167287826538
    },
    "queen13_13.col": {
        "answer": "?",
        "encoding_time": 0.029872655868530273,
        "solving_time": 1200.1027245521545
    },
    "queen5_5.col": {
        "answer": 1,
        "encoding_time": 0.0018858909606933594,
        "solving_time": 0.019840002059936523
    },
    "queen6_6.col": {
        "answer": 1,
        "encoding_time": 0.0025718212127685547,
        "solving_time": 0.4262278079986572
    },
    "queen7_7.col": {
        "answer": 1,
        "encoding_time": 0.0037174224853515625,