{
    "graph0001": {
        "answer": "?",
        "encoding_time": 0.0282900333404541,
        "solving_time": 1200.1200640201569
    },
    "graph0002": {
        "answer": "?",
        "encoding_time": 0.03849053382873535,
        "solving_time": 1200.1146783828735
    },
    "graph0003": {
        "answer": "?",
        "encoding_time": 0.043643951416015625,
        "solving_time": 1200.0630621910095
    },
    "graph0004": {
        "answer": "?",
        "encoding_time": 0.04931831359863281,
        "solving_time": 1200.023075580597
    },
    "graph0005": {
        "answer": "?",
        "encoding_time": 0.05322885513305664,
        "solving_time": 1200.115492105484
    },
    "graph0006": {
        "answer": "?",
        "encoding_time": 0.059173583984375,
        "solving_time": 1200.115760564804
    },
    "graph0007": {
        "answer": "?",
        "encoding_time": 0.0676577091217041,
        "solving_time": 1200.126685142517
    },
    "graph0008": {
        "answer": "?",
        "encoding_time": 0.07709074020385742,
        "solving_time": 1200.1271467208862
    },
    "graph0009": {
        "answer": "?",
        "encoding_time": 0.08449578285217285,
        "solving_time": 1200.1195795536041
    },
    "graph0010": {
        "answer": "?",
        "encoding_time": 0.08829283714294434,
        "solving_time": 1200.129583120346
    },
    "graph0011": {
        "answer": "?",
        "encoding_time": 0.09407758712768555,
        "solving_time": 1200.1346457004547
    },
    "graph0012": {
        "answer": "?",
        "encoding_time": 0.10952067375183105,
        "solving_time": 1200.1346383094788
    },
    "graph0013": {
        "answer": "?",
        "encoding_time": 0.12464451789855957,
        "solving_time": 1200.1231377124786
    },
    "graph0014": {
        "answer": "?",
        "encoding_time": 0.11307787895202637,
        "solving_time": 1200.129900932312
    },
    "graph0015": {
        "answer": "?",
        "encoding_time": 0.13296890258789062,
        "solving_time": 1200.1240391731262
    },
    "graph0016": {
        "answer": "?",
        "encoding_time": 0.1469578742980957,
        "solving_time": 1200.1394817829132
    },
    "graph0017": {
        "answer": "?",
        "encoding_time": 0.17190265655517578,
        "solving_time": 1200.1262321472168
    },
    "graph0018": {
        "answer": "?",
        "encoding_time": 0.15826010704040527,
        "solving_time": 1200.1291482448578
    },
    "graph0019": {
        "answer": "?",
        "encoding_time": 0.1742255687713623,
        "solving_time": 1200.1316120624542
    },
    "graph0020": {
        "answer": "?",
        "encoding_time": 0.17621541023254395,
        "solving_time": 1200.1310894489288
    },
    "graph0021": {
        "answer": "?",
        "encoding_time": 0.20105719566345215,
        "solving_time": 1200.1307518482208
    },
    "graph0022": {
        "answer": "?",
        "encoding_time": 0.20890069007873535,
        "solving_time": 1200.1423320770264
    },
    "graph0023": {
        "answer": "?",
        "encoding_time": 0.21952581405639648,
        "solving_time": 1200.1330642700195
    },
    "graph0024": {
        "answer": "?",
        "encoding_time": 0.23148179054260254,
        "solving_time": 1200.1346955299377
    },
    "graph0025": {
        "answer": "?",
        "encoding_time": 0.2510490417480469,
        "solving_time": 1200.1390228271484
    },
    "graph0026": {
        "answer": "?",
        "encoding_time": 0.2576155662536621,
        "solving_time": 1200.1331584453583
    },
    "graph0027": {
        "answer": "?",
        "encoding_time": 0.2744736671447754,
        "solving_time": 1200.142101764679
    },
    "graph0028": {
        "answer": "?",
        "encoding_time": 0.28507518768310547,
        "solving_time": 1200.1360521316528
    },
    "graph0029": {
        "answer": "?",
        "encoding_time": 0.31435322761535645,
        "solving_time": 1200.1573386192322
    },
    "graph0030": {
        "answer": "?",
        "encoding_time": 0.3635556697845459,
        "solving_time": 1200.1504282951355
    },
    "graph0031": {
        "answer": "?",
        "encoding_time": 0.3604586124420166,
        "solving_time": 1200.1440007686615
    },
    "graph0032": {
        "answer": "?",
        "encoding_time": 0.39029359817504883,
        "solving_time": 1200.1476607322693
    },
    "graph0033": {
        "answer": "?",
        "encoding_time": 0.3853449821472168,
        "solving_time": 1200.1424720287323
    },
    "graph0034": {
        "answer": "?",
        "encoding_time": 0.41796374320983887,
        "solving_time": 1200.1429591178894
    },
    "graph0035": {
        "answer": "?",
        "encoding_time": 0.42801403999328613,
        "solving_time": 1200.160147190094
    },
    "graph0036": {
        "answer": "?",
        "encoding_time": 0.43700289726257324,
        "solving_time": 1200.1438252925873
    },
    "graph0037": {
        "answer": "?",
        "encoding_time": 0.5993702411651611,
        "solving_time": 1200.166230916977
    },
    "graph0038": {
        "answer": "?",
        "encoding_time": 0.4987452030181885,
        "solving_time": 1200.168447971344
    },
    "graph0039": {
        "answer": "?",
        "encoding_time": 0.4973928928375244,
        "solving_time": 1200.1697483062744
    },
    "graph0040": {
        "answer": "?",
        "encoding_time": 0.5302331447601318,
        "solving_time": 1200.1725659370422
    },
    "graph0041": {
        "answer": "?",
        "encoding_time": 0.562507152557373,
        "solving_time": 1200.156397819519
    },
    "graph0042": {
        "answer": "?",
        "encoding_time": 0.576789140701294,
        "solving_time": 1200.170788526535
    },
    "graph0043": {
        "answer": "?",
        "encoding_time": 0.5670621395111084,
        "solving_time": 1200.1706926822662
    },
    "graph0044": {
        "answer": "?",
        "encoding_time": 0.6211040019989014,
        "solving_time": 1200.1786410808563
    },
    "graph0045": {
        "answer": "?",
        "encoding_time": 0.6539218425750732,
        "solving_time": 1200.186311006546
    },
    "graph0046": {
        "answer": "?",
        "encoding_time": 0.6965780258178711,
        "solving_time": 1200.1720168590546
    },
    "graph0047": {
        "answer": "?",
        "encoding_time": 0.6676032543182373,
        "solving_time": 1200.1744174957275
    },
    "graph0048": {
        "answer": "?",
        "encoding_time": 0.7208006381988525,
        "solving_time": 1200.1968138217926
    },
    "graph0049": {
        "answer": "?",
        "encoding_time": 0.7014954090118408,
        "solving_time": 1200.1834089756012
    },
    "graph0050": {
        "answer": "?",
        "encoding_time": 0.7511417865753174,
        "solving_time": 1200.190366268158
    },
    "graph0051": {
        "answer": "?",
        "encoding_time": 0.7008042335510254,
        "solving_time": 1200.1688590049744
    },
    "graph0052": {
        "answer": "?",
        "encoding_time": 0.7145102024078369,
        "solving_time": 1200.1694929599762
    },
    "graph0053": {
        "answer": "?",
        "encoding_time": 0.7798199653625488,
        "solving_time": 1200.1696376800537
    },
    "graph0054": {
        "answer": "?",
        "encoding_time": 0.7808167934417725,
        "solving_time": 1200.171861410141
    },
    "graph0055": {
        "answer": "?",
        "encoding_time": 0.7901232242584229,
        "solving_time": 1200.1737825870514
    },
    "graph0056": {
        "answer": "?",
        "encoding_time": 0.8097507953643799,
        "solving_time": 1200.1765899658203
    },
    "graph0057": {
        "answer": "?",
        "encoding_time": 0.851672887802124,
        "solving_time": 1200.1818351745605
    },
    "graph0058": {
        "answer": "?",
        "encoding_time": 0.8885297775268555,
        "solving_time": 1200.17986369133
    },
    "graph0059": {
        "answer": "?",