{
    "graph0001": {
        "answer": "?",
        "encoding_time": 0.024443864822387695,
        "solving_time": 1200.1570928096771
    },
    "graph0002": {
        "answer": "?",
        "encoding_time": 0.03249192237854004,
        "solving_time": 1200.1447923183441
    },
    "graph0003": {
        "answer": "?",
        "encoding_time": 0.04247760772705078,
        "solving_time": 1200.1679666042328
    },
    "graph0004": {
        "answer": "?",
        "encoding_time": 0.043340206146240234,
        "solving_time": 1200.1489777565002
    },
    "graph0005": {
        "answer": "?",
        "encoding_time": 0.05110669136047363,
        "solving_time": 1200.2002563476562
    },
    "graph0006": {
        "answer": "?",
        "encoding_time": 0.05274009704589844,
        "solving_time": 1200.1413311958313
    },
    "graph0007": {
        "answer": "?",
        "encoding_time": 0.06157493591308594,
        "solving_time": 1200.158421754837
    },
    "graph0008": {
        "answer": "?",
        "encoding_time": 0.07412195205688477,
        "solving_time": 1200.2286212444305
    },
    "graph0009": {
        "answer": "?",
        "encoding_time": 0.09274482727050781,
        "solving_time": 1200.1964201927185
    },
    "graph0010": {
        "answer": "?",
        "encoding_time": 0.08495855331420898,
        "solving_time": 1200.122799873352
    },
    "graph0011": {
        "answer": "?",
        "encoding_time": 0.08974361419677734,
        "solving_time": 1200.172333240509
    },
    "graph0012": {
        "answer": "?",
        "encoding_time": 0.1007990837097168,
        "solving_time": 1200.2679538726807
    },
    "graph0013": {
        "answer": "?",
        "encoding_time": 0.11957669258117676,
        "solving_time": 1200.1069588661194
    },
    "graph0014": {
        "answer": "?",
        "encoding_time": 0.11329174041748047,
        "solving_time": 1200.1550929546356
    },
    "graph0015": {
        "answer": "?",
        "encoding_time": 0.12886548042297363,
        "solving_time": 1200.190582036972
    },
    "graph0016": {
        "answer": "?",
        "encoding_time": 0.14172005653381348,
        "solving_time": 1200.1459980010986
    },
    "graph0017": {
        "answer": "?",
        "encoding_time": 0.1467578411102295,
        "solving_time": 1200.1931343078613
    },
    "graph0018": {
        "answer": "?",
        "encoding_time": 0.23720145225524902,
        "solving_time": 1200.2390849590302
    },
    "graph0019": {
        "answer": "?",
        "encoding_time": 0.17101764678955078,
        "solving_time": 1200.1350464820862
    },
    "graph0020": {
        "answer": "?",
        "encoding_time": 0.18289637565612793,
        "solving_time": 1200.2451758384705
    },
    "graph0021": {
        "answer": "?",
        "encoding_time": 0.18746018409729004,
        "solving_time": 1200.2230608463287
    },
    "graph0022": {
        "answer": "?",
        "encoding_time": 0.20522522926330566,
        "solving_time": 1200.2060437202454
    },
    "graph0023": {
        "answer": "?",
        "encoding_time": 0.197343111038208,
        "solving_time": 1200.194641828537
    },
    "graph0024": {
        "answer": "?",
        "encoding_time": 0.2263803482055664,
        "solving_time": 1200.1781294345856
    },
    "graph0025": {
        "answer": "?",
        "encoding_time": 0.2389686107635498,
        "solving_time": 1200.2497613430023
    },
    "graph0026": {
        "answer": "?",
        "encoding_time": 0.24251818656921387,
        "solving_time": 1200.1668593883514
    },
    "graph0027": {
        "answer": "?",
        "encoding_time": 0.25620245933532715,
        "solving_time": 1200.3080418109894
    },
    "graph0028": {
        "answer": "?",
        "encoding_time": 0.2970409393310547,
        "solving_time": 1200.170158624649
    },
    "graph0029": {
        "answer": "?",
        "encoding_time": 0.2900278568267822,
        "solving_time": 1200.1706972122192
    },
    "graph0030": {
        "answer": "?",
        "encoding_time": 0.31615710258483887,
        "solving_time": 1200.2624390125275
    },
    "graph0031": {
        "answer": "?",
        "encoding_time": 0.3096895217895508,
        "solving_time": 1200.2156088352203
    },
    "graph0032": {
        "answer": "?",
        "encoding_time": 0.3583841323852539,
        "solving_time": 1200.2647440433502
    },
    "graph0033": {
        "answer": "?",
        "encoding_time": 0.3647150993347168,
        "solving_time": 1200.2233245372772
    },
    "graph0034": {
        "answer": "?",
        "encoding_time": 0.37714457511901855,
        "solving_time": 1200.4313700199127
    },
    "graph0035": {
        "answer": "?",
        "encoding_time": 0.3975682258605957,
        "solving_time": 1200.4198682308197
    },
    "graph0036": {
        "answer": "?",
        "encoding_time": 0.4171767234802246,
        "solving_time": 1200.2404146194458
    },
    "graph0037": {
        "answer": "?",
        "encoding_time": 0.4379568099975586,
        "solving_time": 1200.1972506046295
    },
    "graph0038": {
        "answer": "?",
        "encoding_time": 0.45749926567077637,
        "solving_time": 1200.26132273674
    },
    "graph0039": {
        "answer": "?",
        "encoding_time": 0.4778273105621338,
        "solving_time": 1200.1826248168945
    },
    "graph0040": {
        "answer": "?",
        "encoding_time": 0.4751307964324951,
        "solving_time": 1200.3347263336182
    },
    "graph0041": {
        "answer": "?",
        "encoding_time": 0.6121602058410645,
        "solving_time": 1200.1883997917175
    },
    "graph0042": {
        "answer": "?",
        "encoding_time": 0.48994898796081543,
        "solving_time": 1200.2490367889404
    },
    "graph0043": {
        "answer": "?",
        "encoding_time": 0.5290048122406006,
        "solving_time": 1200.2938330173492
    },
    "graph0044": {
        "answer": "?",
        "encoding_time": 0.5336143970489502,
        "solving_time": 1200.3575611114502
    },
    "graph0045": {
        "answer": "?",
        "encoding_time": 0.5672848224639893,
        "solving_time": 1200.3337180614471
    },
    "graph0046": {
        "answer": "?",
        "encoding_time": 0.5888175964355469,
        "solving_time": 1200.3610723018646
    },
    "graph0047": {
        "answer": "?",
        "encoding_time": 0.6096699237823486,
        "solving_time": 1200.3526349067688
    },
    "graph0048": {
        "answer": "?",
        "encoding_time": 0.6194941997528076,
        "solving_time": 1200.3661856651306
    },
    "graph0049": {
        "answer": "?",
        "encoding_time": 0.6306352615356445,
        "solving_time": 1200.350694656372
    },
    "graph0050": {
        "answer": "?",
        "encoding_time": 0.6583707332611084,
        "solving_time": 1200.2959032058716
    },
    "graph0051": {
        "answer": "?",
        "encoding_time": 0.7941601276397705,
        "solving_time": 1200.431185245514
    },
    "graph0052": {
        "answer": "?",
        "encoding_time": 0.8764011859893799,
        "solving_time": 1200.3452265262604
    },
    "graph0053": {
        "answer": "?",
        "encoding_time": 0.8802800178527832,
        "solving_time": 1200.3421757221222
    },
    "graph0054": {
        "answer": "?",
        "encoding_time": 0.8891468048095703,
        "solving_time": 1200.3744766712189
    },
    "graph0055": {
        "answer": "?",
        "encoding_time": 0.9376320838928223,
        "solving_time": 1200.7881662845612
    },
    "graph0056": {
        "answer": "?",
        "encoding_time": 1.1601412296295166,
        "solving_time": 1200.440848350525
    },
    "graph0057": {
        "answer": "?",
        "encoding_time": 0.9891703128814697,
        "solving_time": 1200.421157836914
    },
    "graph0058": {
        "answer": "?",
        "encoding_time": 1.0401060581207275,
        "solving_time": 1200.4181609153748
    },