{
    "graph0001": {
        "answer": "?",
        "encoding_time": 0.026313304901123047,
        "solving_time": 1200.0606153011322
    },
    "graph0002": {
        "answer": "?",
        "encoding_time": 0.032694339752197266,
        "solving_time": 1200.0630400180817
    },
    "graph0003": {
        "answer": "?",
        "encoding_time": 0.03441667556762695,
        "solving_time": 1200.1038980484009
    },
    "graph0004": {
        "answer": "?",
        "encoding_time": 0.04026961326599121,
        "solving_time": 1200.083933353424
    },
    "graph0005": {
        "answer": "?",
        "encoding_time": 0.0452883243560791,
        "solving_time": 1200.1144337654114
    },
    "graph0006": {
        "answer": "?",
        "encoding_time": 0.04972720146179199,
        "solving_time": 1200.0941145420074
    },
    "graph0007": {
        "answer": "?",
        "encoding_time": 0.06086015701293945,
        "solving_time": 1200.0765552520752
    },
    "graph0008": {
        "answer": "?",
        "encoding_time": 0.06817340850830078,
        "solving_time": 1200.079761505127
    },
    "graph0009": {
        "answer": "?",
        "encoding_time": 0.09949517250061035,
        "solving_time": 1200.1013495922089
    },
    "graph0010": {
        "answer": "?",
        "encoding_time": 0.07916545867919922,
        "solving_time": 1200.107894897461
    },
    "graph0011": {
        "answer": "?",
        "encoding_time": 0.09099173545837402,
        "solving_time": 1200.1643970012665
    },
    "graph0012": {
        "answer": "?",
        "encoding_time": 0.09816718101501465,
        "solving_time": 1200.1316547393799
    },
    "graph0013": {
        "answer": "?",
        "encoding_time": 0.11201977729797363,
        "solving_time": 1200.1339015960693
    },
    "graph0014": {
        "answer": "?",
        "encoding_time": 0.11622142791748047,
        "solving_time": 1200.1150813102722
    },
    "graph0015": {
        "answer": "?",
        "encoding_time": 0.13025808334350586,
        "solving_time": 1200.116215467453
    },
    "graph0016": {
        "answer": "?",
        "encoding_time": 0.14032459259033203,
        "solving_time": 1200.1427240371704
    },
    "graph0017": {
        "answer": "?",
        "encoding_time": 0.15074443817138672,
        "solving_time": 1200.1609661579132
    },
    "graph0018": {
        "answer": "?",
        "encoding_time": 0.21469783782958984,
        "solving_time": 1200.1579327583313
    },
    "graph0019": {
        "answer": "?",
        "encoding_time": 0.16897964477539062,
        "solving_time": 1200.1840138435364
    },
    "graph0020": {
        "answer": "?",
        "encoding_time": 0.17617511749267578,
        "solving_time": 1200.1652863025665
    },
    "graph0021": {
        "answer": "?",
        "encoding_time": 0.19007301330566406,
        "solving_time": 1200.162401676178
    },
    "graph0022": {
        "answer": "?",
        "encoding_time": 0.19872188568115234,
        "solving_time": 1200.1767179965973
    },
    "graph0023": {
        "answer": "?",
        "encoding_time": 0.2091197967529297,
        "solving_time": 1200.1765077114105
    },
    "graph0024": {
        "answer": "?",
        "encoding_time": 0.2610914707183838,
        "solving_time": 1200.1828660964966
    },
    "graph0025": {
        "answer": "?",
        "encoding_time": 0.23132824897766113,
        "solving_time": 1200.1809542179108
    },
    "graph0026": {
        "answer": "?",
        "encoding_time": 0.2539999485015869,
        "solving_time": 1200.3667604923248
    },
    "graph0027": {
        "answer": "?",
        "encoding_time": 0.26047515869140625,
        "solving_time": 1200.244886636734
    },
    "graph0028": {
        "answer": "?",
        "encoding_time": 0.2725830078125,
        "solving_time": 1200.2179069519043
    },
    "graph0029": {
        "answer": "?",
        "encoding_time": 0.2927060127258301,
        "solving_time": 1200.3126618862152
    },
    "graph0030": {
        "answer": "?",
        "encoding_time": 0.30123305320739746,
        "solving_time": 1200.377640247345
    },
    "graph0031": {
        "answer": "?",
        "encoding_time": 0.31479692459106445,
        "solving_time": 1200.2270481586456
    },
    "graph0032": {
        "answer": "?",
        "encoding_time": 0.33744096755981445,
        "solving_time": 1200.28644323349
    },
    "graph0033": {
        "answer": "?",
        "encoding_time": 0.360457181930542,
        "solving_time": 1200.3054132461548
    },
    "graph0034": {
        "answer": "?",
        "encoding_time": 0.36484742164611816,
        "solving_time": 1200.3855676651
    },
    "graph0035": {
        "answer": "?",
        "encoding_time": 0.3914027214050293,
        "solving_time": 1200.290601015091
    },
    "graph0036": {
        "answer": "?",
        "encoding_time": 0.4095592498779297,
        "solving_time": 1200.3350841999054
    },
    "graph0037": {
        "answer": "?",
        "encoding_time": 0.4040248394012451,
        "solving_time": 1200.3323338031769
    },
    "graph0038": {
        "answer": "?",
        "encoding_time": 0.45633673667907715,
        "solving_time": 1200.561057806015
    },
    "graph0039": {
        "answer": "?",
        "encoding_time": 0.4839818477630615,
        "solving_time": 1200.247535943985
    },
    "graph0040": {
        "answer": "?",
        "encoding_time": 0.5085115432739258,
        "solving_time": 1200.318273305893
    },
    "graph0041": {
        "answer": "?",
        "encoding_time": 0.5191564559936523,
        "solving_time": 1200.335471868515
    },
    "graph0042": {
        "answer": "?",
        "encoding_time": 0.5390670299530029,
        "solving_time": 1200.320198059082
    },
    "graph0043": {
        "answer": "?",
        "encoding_time": 0.5449891090393066,
        "solving_time": 1200.2948117256165
    },
    "graph0044": {
        "answer": "?",
        "encoding_time": 0.5684137344360352,
        "solving_time": 1200.3403239250183
    },
    "graph0045": {
        "answer": "?",
        "encoding_time": 0.6297111511230469,
        "solving_time": 1200.4960360527039
    },
    "graph0046": {
        "answer": "?",
        "encoding_time": 0.6266281604766846,
        "solving_time": 1200.3209075927734
    },
    "graph0047": {
        "answer": "?",
        "encoding_time": 0.6217365264892578,
        "solving_time": 1200.6368639469147
    },
    "graph0048": {
        "answer": "?",
        "encoding_time": 0.7050178050994873,
        "solving_time": 1200.2264466285706
    },
    "graph0049": {
        "answer": "?",
        "encoding_time": 0.6987228393554688,
        "solving_time": 1200.307687997818
    },
    "graph0050": {
        "answer": "?",
        "encoding_time": 0.6809549331665039,
        "solving_time": 1200.377293586731
    },
    "graph0051": {
        "answer": "?",
        "encoding_time": 0.8538908958435059,
        "solving_time": 1200.4211449623108
    },
    "graph0052": {
        "answer": "?",
        "encoding_time": 0.7828583717346191,
        "solving_time": 1200.3395080566406
    },
    "graph0053": {
        "answer": "?",
        "encoding_time": 0.7474868297576904,
        "solving_time": 1200.3263187408447
    },
    "graph0054": {
        "answer": "?",
        "encoding_time": 0.8134775161743164,
        "solving_time": 1200.5786657333374
    },
    "graph0055": {
        "answer": "?",
        "encoding_time": 0.8469557762145996,
        "solving_time": 1200.4240744113922
    },
    "graph0056": {
        "answer": "?",
        "encoding_time": 0.8243458271026611,
        "solving_time": 1200.2829747200012
    },
    "graph0057": {
        "answer": "?",
        "encoding_time": 0.9505259990692139,
        "solving_time": 1200.4929378032684
    },
    "graph0058": {
        "answer": "?",
        "encoding_time": 0.9308629035949707,
        "solving_time": 1200.458601474762
    },
    "graph0059": {
        "answer": "?",