{
    "graph0001": {
        "answer": "?",
        "encoding_time": 0.027965545654296875,
        "solving_time": 1200.0320711135864
    },
    "graph0002": {
        "answer": "?",
        "encoding_time": 0.028514385223388672,
        "solving_time": 1200.0334386825562
    },
    "graph0003": {
        "answer": "?",
        "encoding_time": 0.03757166862487793,
        "solving_time": 1200.0661752223969
    },
    "graph0004": {
        "answer": "?",
        "encoding_time": 0.0447540283203125,
        "solving_time": 1200.0328116416931
    },
    "graph0005": {
        "answer": "?",
        "encoding_time": 0.05310964584350586,
        "solving_time": 1200.033779144287
    },
    "graph0006": {
        "answer": "?",
        "encoding_time": 0.053968191146850586,
        "solving_time": 1200.043167591095
    },
    "graph0007": {
        "answer": "?",
        "encoding_time": 0.06486892700195312,
        "solving_time": 1200.051577091217
    },
    "graph0008": {
        "answer": "?",
        "encoding_time": 0.08361315727233887,
        "solving_time": 1200.0362775325775
    },
    "graph0009": {
        "answer": "?",
        "encoding_time": 0.08357572555541992,
        "solving_time": 1200.1272954940796
    },
    "graph0010": {
        "answer": "?",
        "encoding_time": 0.0856173038482666,
        "solving_time": 1200.125072479248
    },
    "graph0011": {
        "answer": "?",
        "encoding_time": 0.1006462574005127,
        "solving_time": 1200.1325752735138
    },
    "graph0012": {
        "answer": "?",
        "encoding_time": 0.10931134223937988,
        "solving_time": 1200.043526649475
    },
    "graph0013": {
        "answer": "?",
        "encoding_time": 0.12477731704711914,
        "solving_time": 1200.1348526477814
    },
    "graph0014": {
        "answer": "?",
        "encoding_time": 0.1319255828857422,
        "solving_time": 1200.135094165802
    },
    "graph0015": {
        "answer": "?",
        "encoding_time": 0.1431255340576172,
        "solving_time": 1200.1340699195862
    },
    "graph0016": {
        "answer": "?",
        "encoding_time": 0.16152095794677734,
        "solving_time": 1200.1231923103333
    },
    "graph0017": {
        "answer": "?",
        "encoding_time": 0.16405606269836426,
        "solving_time": 1200.1302320957184
    },
    "graph0018": {
        "answer": "?",
        "encoding_time": 0.1788034439086914,
        "solving_time": 1200.1234757900238
    },
    "graph0019": {
        "answer": "?",
        "encoding_time": 0.18590784072875977,
        "solving_time": 1200.123663187027
    },
    "graph0020": {
        "answer": "?",
        "encoding_time": 0.19443225860595703,
        "solving_time": 1200.1380624771118
    },
    "graph0021": {
        "answer": "?",
        "encoding_time": 0.20937633514404297,
        "solving_time": 1200.127905368805
    },
    "graph0022": {
        "answer": "?",
        "encoding_time": 0.22522807121276855,
        "solving_time": 1200.1378338336945
    },
    "graph0023": {
        "answer": "?",
        "encoding_time": 0.23393964767456055,
        "solving_time": 1200.135285615921
    },
    "graph0024": {
        "answer": "?",
        "encoding_time": 0.26266980171203613,
        "solving_time": 1200.1435508728027
    },
    "graph0025": {
        "answer": "?",
        "encoding_time": 0.27384328842163086,
        "solving_time": 1200.1374921798706
    },
    "graph0026": {
        "answer": "?",
        "encoding_time": 0.29529881477355957,
        "solving_time": 1200.1486883163452
    },
    "graph0027": {
        "answer": "?",
        "encoding_time": 0.30345892906188965,
        "solving_time": 1200.1356613636017
    },
    "graph0028": {
        "answer": "?",
        "encoding_time": 0.31321001052856445,
        "solving_time": 1200.144809961319
    },
    "graph0029": {
        "answer": "?",
        "encoding_time": 0.34479188919067383,
        "solving_time": 1200.1465122699738
    },
    "graph0030": {
        "answer": "?",
        "encoding_time": 0.35501551628112793,
        "solving_time": 1200.1479647159576
    },
    "graph0031": {
        "answer": "?",
        "encoding_time": 0.37792229652404785,
        "solving_time": 1200.1483135223389
    },
    "graph0032": {
        "answer": "?",
        "encoding_time": 0.39623332023620605,
        "solving_time": 1200.135106086731
    },
    "graph0033": {
        "answer": "?",
        "encoding_time": 0.40125584602355957,
        "solving_time": 1200.1500203609467
    },
    "graph0034": {
        "answer": "?",
        "encoding_time": 0.43815088272094727,
        "solving_time": 1200.1403851509094
    },
    "graph0035": {
        "answer": "?",
        "encoding_time": 0.37137627601623535,
        "solving_time": 1200.1406588554382
    },
    "graph0036": {
        "answer": "?",
        "encoding_time": 0.46114230155944824,
        "solving_time": 1200.146713733673
    },
    "graph0037": {
        "answer": "?",
        "encoding_time": 0.4685637950897217,
        "solving_time": 1200.1545460224152
    },
    "graph0038": {
        "answer": "?",
        "encoding_time": 0.5288729667663574,
        "solving_time": 1200.1552152633667
    },
    "graph0039": {
        "answer": "?",
        "encoding_time": 0.5297939777374268,
        "solving_time": 1200.1538422107697
    },
    "graph0040": {
        "answer": "?",
        "encoding_time": 0.5454819202423096,
        "solving_time": 1200.145675420761
    },
    "graph0041": {
        "answer": "?",
        "encoding_time": 0.5882546901702881,
        "solving_time": 1200.1620514392853
    },
    "graph0042": {
        "answer": "?",
        "encoding_time": 0.6145584583282471,
        "solving_time": 1200.1634435653687
    },
    "graph0043": {
        "answer": "?",
        "encoding_time": 0.6401653289794922,
        "solving_time": 1200.162638425827
    },
    "graph0044": {
        "answer": "?",
        "encoding_time": 0.6479237079620361,
        "solving_time": 1200.1510434150696
    },
    "graph0045": {
        "answer": "?",
        "encoding_time": 0.6726939678192139,
        "solving_time": 1200.1496424674988
    },
    "graph0046": {
        "answer": "?",
        "encoding_time": 0.7000553607940674,
        "solving_time": 1200.1176264286041
    },
    "graph0047": {
        "answer": "?",
        "encoding_time": 0.7459754943847656,
        "solving_time": 1200.0545706748962
    },
    "graph0048": {
        "answer": "?",
        "encoding_time": 0.7360184192657471,
        "solving_time": 1200.1624085903168
    },
    "graph0049": {
        "answer": "?",
        "encoding_time": 0.7563884258270264,
        "solving_time": 1200.161613225937
    },
    "graph0050": {
        "answer": "?",
        "encoding_time": 0.7704277038574219,
        "solving_time": 1200.1535987854004
    },
    "graph0051": {
        "answer": "?",
        "encoding_time": 0.8157548904418945,
        "solving_time": 1200.165718793869
    },
    "graph0052": {
        "answer": "?",
        "encoding_time": 0.8352680206298828,
        "solving_time": 1200.1677043437958
    },
    "graph0053": {
        "answer": "?",
        "encoding_time": 0.8716180324554443,
        "solving_time": 1200.1564996242523
    },
    "graph0054": {
        "answer": "?",
        "encoding_time": 0.922691822052002,
        "solving_time": 1200.1660692691803
    },
    "graph0055": {
        "answer": "?",
        "encoding_time": 0.9358639717102051,
        "solving_time": 1200.1591873168945
    },
    "graph0056": {
        "answer": "?",
        "encoding_time": 0.9305112361907959,
        "solving_time": 1200.1767377853394
    },
    "graph0057": {
        "answer": "?",
        "encoding_time": 1.021650791168213,
        "solving_time": 1200.179594039917
    },
    "graph0058": {
        "answer": "?",
        "encoding_time": 1.0198173522949219,
        "solving_time": 1200.1817824840546
    },