{
    "graph0001": {
        "answer": "?",
        "encoding_time": 0.017086267471313477,
        "solving_time": 1200.1472849845886
    },
    "graph0002": {
        "answer": "?",
        "encoding_time": 0.025678396224975586,
        "solving_time": 1200.1230385303497
    },
    "graph0003": {
        "answer": "?",
        "encoding_time": 0.029087543487548828,
        "solving_time": 1200.1208465099335
    },
    "graph0004": {
        "answer": "?",
        "encoding_time": 0.03249835968017578,
        "solving_time": 1200.1564338207245
    },
    "graph0005": {
        "answer": "?",
        "encoding_time": 0.0339808464050293,
        "solving_time": 1200.1319706439972
    },
    "graph0006": {
        "answer": "?",
        "encoding_time": 0.038286685943603516,
        "solving_time": 1200.123951435089
    },
    "graph0007": {
        "answer": "?",
        "encoding_time": 0.04420590400695801,
        "solving_time": 1200.1112055778503
    },
    "graph0008": {
        "answer": "?",
        "encoding_time": 0.05327296257019043,
        "solving_time": 1200.1267104148865
    },
    "graph0009": {
        "answer": "?",
        "encoding_time": 0.055913686752319336,
        "solving_time": 1200.1283617019653
    },
    "graph0010": {
        "answer": "?",
        "encoding_time": 0.057622432708740234,
        "solving_time": 1200.0865225791931
    },
    "graph0011": {
        "answer": "?",
        "encoding_time": 0.06370663642883301,
        "solving_time": 1200.1722016334534
    },
    "graph0012": {
        "answer": "?",
        "encoding_time": 0.07094836235046387,
        "solving_time": 1200.1295983791351
    },
    "graph0013": {
        "answer": "?",
        "encoding_time": 0.08452081680297852,
        "solving_time": 1200.1323714256287
    },
    "graph0014": {
        "answer": "?",
        "encoding_time": 0.08092379570007324,
        "solving_time": 1200.1303067207336
    },
    "graph0015": {
        "answer": "?",
        "encoding_time": 0.08985614776611328,
        "solving_time": 1200.1288976669312
    },
    "graph0016": {
        "answer": "?",
        "encoding_time": 0.10424017906188965,
        "solving_time": 1200.156704902649
    },
    "graph0017": {
        "answer": "?",
        "encoding_time": 0.10549449920654297,
        "solving_time": 1200.1267220973969
    },
    "graph0018": {
        "answer": "?",
        "encoding_time": 0.11555290222167969,
        "solving_time": 1200.1288712024689
    },
    "graph0019": {
        "answer": "?",
        "encoding_time": 0.1165475845336914,
        "solving_time": 1200.1344668865204
    },
    "graph0020": {
        "answer": "?",
        "encoding_time": 0.11976408958435059,
        "solving_time": 1200.1441040039062
    },
    "graph0021": {
        "answer": "?",
        "encoding_time": 0.1319718360900879,
        "solving_time": 1200.1821944713593
    },
    "graph0022": {
        "answer": "?",
        "encoding_time": 0.13695549964904785,
        "solving_time": 1200.136869430542
    },
    "graph0023": {
        "answer": "?",
        "encoding_time": 0.14727115631103516,
        "solving_time": 1200.1326911449432
    },
    "graph0024": {
        "answer": "?",
        "encoding_time": 0.16118311882019043,
        "solving_time": 1200.1410021781921
    },
    "graph0025": {
        "answer": "?",
        "encoding_time": 0.16724467277526855,
        "solving_time": 1200.1399402618408
    },
    "graph0026": {
        "answer": "?",
        "encoding_time": 0.17893576622009277,
        "solving_time": 1200.136041879654
    },
    "graph0027": {
        "answer": "?",
        "encoding_time": 0.19403576850891113,
        "solving_time": 1200.2071180343628
    },
    "graph0028": {
        "answer": "?",
        "encoding_time": 0.19884967803955078,
        "solving_time": 1200.1454374790192
    },
    "graph0029": {
        "answer": "?",
        "encoding_time": 0.22211098670959473,
        "solving_time": 1200.139703989029
    },
    "graph0030": {
        "answer": "?",
        "encoding_time": 0.22571969032287598,
        "solving_time": 1200.141518354416
    },
    "graph0031": {
        "answer": "?",
        "encoding_time": 0.235337495803833,
        "solving_time": 1200.20188498497
    },
    "graph0032": {
        "answer": "?",
        "encoding_time": 0.24537277221679688,
        "solving_time": 1200.2126817703247
    },
    "graph0033": {
        "answer": "?",
        "encoding_time": 0.2814137935638428,
        "solving_time": 1200.1429023742676
    },
    "graph0034": {
        "answer": "?",
        "encoding_time": 0.2709028720855713,
        "solving_time": 1200.151666879654
    },
    "graph0035": {
        "answer": "?",
        "encoding_time": 0.37929725646972656,
        "solving_time": 1200.143948316574
    },
    "graph0036": {
        "answer": "?",
        "encoding_time": 0.29149317741394043,
        "solving_time": 1200.1541647911072
    },
    "graph0037": {
        "answer": "?",
        "encoding_time": 0.3133964538574219,
        "solving_time": 1200.1559348106384
    },
    "graph0038": {
        "answer": "?",
        "encoding_time": 0.3312509059906006,
        "solving_time": 1200.155339717865
    },
    "graph0039": {
        "answer": "?",
        "encoding_time": 0.34537196159362793,
        "solving_time": 1200.2052838802338
    },
    "graph0040": {
        "answer": "?",
        "encoding_time": 0.3454272747039795,
        "solving_time": 1200.1469194889069
    },
    "graph0041": {
        "answer": "?",
        "encoding_time": 0.3781120777130127,
        "solving_time": 1200.1594927310944
    },
    "graph0042": {
        "answer": "?",
        "encoding_time": 0.36214661598205566,
        "solving_time": 1200.1549079418182
    },
    "graph0043": {
        "answer": "?",
        "encoding_time": 0.39548444747924805,
        "solving_time": 1200.2164499759674
    },
    "graph0044": {
        "answer": "?",
        "encoding_time": 0.40262293815612793,
        "solving_time": 1200.1550815105438
    },
    "graph0045": {
        "answer": "?",
        "encoding_time": 0.4270920753479004,
        "solving_time": 1200.171454668045
    },
    "graph0046": {
        "answer": "?",
        "encoding_time": 0.4600667953491211,
        "solving_time": 1200.1553735733032
    },
    "graph0047": {
        "answer": "?",
        "encoding_time": 0.4604496955871582,
        "solving_time": 1200.1674058437347
    },
    "graph0048": {
        "answer": "?",
        "encoding_time": 0.48352694511413574,
        "solving_time": 1200.2548687458038
    },
    "graph0049": {
        "answer": "?",
        "encoding_time": 0.5106105804443359,
        "solving_time": 1200.1667280197144
    },
    "graph0050": {
        "answer": "?",
        "encoding_time": 0.5836472511291504,
        "solving_time": 1200.1616971492767
    },
    "graph0051": {
        "answer": "?",
        "encoding_time": 0.5573422908782959,
        "solving_time": 1200.0839772224426
    },
    "graph0052": {
        "answer": "?",
        "encoding_time": 0.550523042678833,
        "solving_time": 1200.166172027588
    },
    "graph0053": {
        "answer": "?",
        "encoding_time": 0.5826246738433838,
        "solving_time": 1200.2731511592865
    },
    "graph0054": {
        "answer": "?",
        "encoding_time": 0.6010403633117676,
        "solving_time": 1200.0982973575592
    },
    "graph0055": {
        "answer": "?",
        "encoding_time": 0.6024038791656494,
        "solving_time": 1200.1685903072357
    },
    "graph0056": {
        "answer": "?",
        "encoding_time": 0.6504316329956055,
        "solving_time": 1200.1523649692535
    },
    "graph0057": {
        "answer": "?",
        "encoding_time": 0.669090747833252,
        "solving_time": 1200.209635257721
    },
    "graph0058": {
        "answer": "?",
        "encoding_time": 0.6897025108337402,
        "solving_time": 1200.1715157032013
    },