{
    "graph0001": {
        "answer": "?",
        "encoding_time": 0.021691083908081055,
        "solving_time": 1200.1579604148865
    },
    "graph0002": {
        "answer": "?",
        "encoding_time": 0.027856111526489258,
        "solving_time": 1200.1471757888794
    },
    "graph0003": {
        "answer": "?",
        "encoding_time": 0.03632760047912598,
        "solving_time": 1200.124056816101
    },
    "graph0004": {
        "answer": "?",
        "encoding_time": 0.035094261169433594,
        "solving_time": 1200.126205444336
    },
    "graph0005": {
        "answer": "?",
        "encoding_time": 0.03328227996826172,
        "solving_time": 1200.1223351955414
    },
    "graph0006": {
        "answer": "?",
        "encoding_time": 0.034322500228881836,
        "solving_time": 1200.1244254112244
    },
    "graph0007": {
        "answer": "?",
        "encoding_time": 0.047943830490112305,
        "solving_time": 1200.1283798217773
    },
    "graph0008": {
        "answer": "?",
        "encoding_time": 0.05406379699707031,
        "solving_time": 1200.1523337364197
    },
    "graph0009": {
        "answer": "?",
        "encoding_time": 0.054847002029418945,
        "solving_time": 1200.1179203987122
    },
    "graph0010": {
        "answer": "?",
        "encoding_time": 0.05970120429992676,
        "solving_time": 1200.135050535202
    },
    "graph0011": {
        "answer": "?",
        "encoding_time": 0.06401729583740234,
        "solving_time": 1200.125515460968
    },
    "graph0012": {
        "answer": "?",
        "encoding_time": 0.07060456275939941,
        "solving_time": 1200.1580481529236
    },
    "graph0013": {
        "answer": "?",
        "encoding_time": 0.08434605598449707,
        "solving_time": 1200.1275362968445
    },
    "graph0014": {
        "answer": "?",
        "encoding_time": 0.08334612846374512,
        "solving_time": 1200.1754183769226
    },
    "graph0015": {
        "answer": "?",
        "encoding_time": 0.09357142448425293,
        "solving_time": 1200.134583234787
    },
    "graph0016": {
        "answer": "?",
        "encoding_time": 0.10649442672729492,
        "solving_time": 1200.162122964859
    },
    "graph0017": {
        "answer": "?",
        "encoding_time": 0.10737156867980957,
        "solving_time": 1200.1710231304169
    },
    "graph0018": {
        "answer": "?",
        "encoding_time": 0.12096309661865234,
        "solving_time": 1200.1333134174347
    },
    "graph0019": {
        "answer": "?",
        "encoding_time": 0.11241674423217773,
        "solving_time": 1200.1659762859344
    },
    "graph0020": {
        "answer": "?",
        "encoding_time": 0.12555456161499023,
        "solving_time": 1200.166378736496
    },
    "graph0021": {
        "answer": "?",
        "encoding_time": 0.1399688720703125,
        "solving_time": 1200.1333153247833
    },
    "graph0022": {
        "answer": "?",
        "encoding_time": 0.13932037353515625,
        "solving_time": 1200.1800284385681
    },
    "graph0023": {
        "answer": "?",
        "encoding_time": 0.1601865291595459,
        "solving_time": 1200.1348176002502
    },
    "graph0024": {
        "answer": "?",
        "encoding_time": 0.18735074996948242,
        "solving_time": 1200.0696799755096
    },
    "graph0025": {
        "answer": "?",
        "encoding_time": 0.16620492935180664,
        "solving_time": 1200.1380245685577
    },
    "graph0026": {
        "answer": "?",
        "encoding_time": 0.19401979446411133,
        "solving_time": 1200.173275232315
    },
    "graph0027": {
        "answer": "?",
        "encoding_time": 0.19571328163146973,
        "solving_time": 1200.1734945774078
    },
    "graph0028": {
        "answer": "?",
        "encoding_time": 0.20659494400024414,
        "solving_time": 1200.0497155189514
    },
    "graph0029": {
        "answer": "?",
        "encoding_time": 0.2203061580657959,
        "solving_time": 1200.187581062317
    },
    "graph0030": {
        "answer": "?",
        "encoding_time": 0.23699951171875,
        "solving_time": 1200.143801689148
    },
    "graph0031": {
        "answer": "?",
        "encoding_time": 0.23387598991394043,
        "solving_time": 1200.1447656154633
    },
    "graph0032": {
        "answer": "?",
        "encoding_time": 0.24729275703430176,
        "solving_time": 1200.1563856601715
    },
    "graph0033": {
        "answer": "?",
        "encoding_time": 0.26549220085144043,
        "solving_time": 1200.163081407547
    },
    "graph0034": {
        "answer": "?",
        "encoding_time": 0.28287625312805176,
        "solving_time": 1200.1470441818237
    },
    "graph0035": {
        "answer": "?",
        "encoding_time": 0.29257845878601074,
        "solving_time": 1200.1488227844238
    },
    "graph0036": {
        "answer": "?",
        "encoding_time": 0.2994701862335205,
        "solving_time": 1200.1905269622803
    },
    "graph0037": {
        "answer": "?",
        "encoding_time": 0.3121156692504883,
        "solving_time": 1200.196457862854
    },
    "graph0038": {
        "answer": "?",
        "encoding_time": 0.3698296546936035,
        "solving_time": 1200.1522867679596
    },
    "graph0039": {
        "answer": "?",
        "encoding_time": 0.3351137638092041,
        "solving_time": 1200.1522912979126
    },
    "graph0040": {
        "answer": "?",
        "encoding_time": 0.3544440269470215,
        "solving_time": 1200.1559059619904
    },
    "graph0041": {
        "answer": "?",
        "encoding_time": 0.37317419052124023,
        "solving_time": 1200.2016506195068
    },
    "graph0042": {
        "answer": "?",
        "encoding_time": 0.3836383819580078,
        "solving_time": 1200.1632237434387
    },
    "graph0043": {
        "answer": "?",
        "encoding_time": 0.41518402099609375,
        "solving_time": 1200.192130804062
    },
    "graph0044": {
        "answer": "?",
        "encoding_time": 0.40698957443237305,
        "solving_time": 1200.159187555313
    },
    "graph0045": {
        "answer": "?",
        "encoding_time": 0.43388795852661133,
        "solving_time": 1200.1614727973938
    },
    "graph0046": {
        "answer": "?",
        "encoding_time": 0.4651906490325928,
        "solving_time": 1200.207571029663
    },
    "graph0047": {
        "answer": "?",
        "encoding_time": 0.4878361225128174,
        "solving_time": 1200.1559188365936
    },
    "graph0048": {
        "answer": "?",
        "encoding_time": 0.48009324073791504,
        "solving_time": 1200.165507555008
    },
    "graph0049": {
        "answer": "?",
        "encoding_time": 0.4841609001159668,
        "solving_time": 1200.1973903179169
    },
    "graph0050": {
        "answer": "?",
        "encoding_time": 0.5126826763153076,
        "solving_time": 1200.1645240783691
    },
    "graph0051": {
        "answer": "?",
        "encoding_time": 0.5062189102172852,
        "solving_time": 1200.1770112514496
    },
    "graph0052": {
        "answer": "?",
        "encoding_time": 0.5131151676177979,
        "solving_time": 1200.1856882572174
    },
    "graph0053": {
        "answer": "?",
        "encoding_time": 0.5352964401245117,
        "solving_time": 1200.2891902923584
    },
    "graph0054": {
        "answer": "?",
        "encoding_time": 0.5836811065673828,
        "solving_time": 1200.182740688324
    },
    "graph0055": {
        "answer": "?",
        "encoding_time": 0.5635192394256592,
        "solving_time": 1200.268315076828
    },
    "graph0056": {
        "answer": "?",
        "encoding_time": 0.5880305767059326,
        "solving_time": 1200.200352191925
    },
    "graph0057": {
        "answer": "?",
        "encoding_time": 0.6076667308807373,
        "solving_time": 1200.1888427734375
    },
    "graph0058": {
        "answer": "?",
        "encoding_time": 0.6320235729217529,
        "solving_time": 1200.194518327713
    },