{
    "graph0001": {
        "answer": "?",
        "encoding_time": 0.021895408630371094,
        "solving_time": 1200.1299722194672
    },
    "graph0002": {
        "answer": "?",
        "encoding_time": 0.03275465965270996,
        "solving_time": 1200.1367967128754
    },
    "graph0003": {
        "answer": "?",
        "encoding_time": 0.03312516212463379,
        "solving_time": 1200.1323804855347
    },
    "graph0004": {
        "answer": "?",
        "encoding_time": 0.04076862335205078,
        "solving_time": 1200.1561172008514
    },
    "graph0005": {
        "answer": "?",
        "encoding_time": 0.04308509826660156,
        "solving_time": 1200.1331074237823
    },
    "graph0006": {
        "answer": "?",
        "encoding_time": 0.04915642738342285,
        "solving_time": 1200.1348111629486
    },
    "graph0007": {
        "answer": "?",
        "encoding_time": 0.05789613723754883,
        "solving_time": 1200.1528737545013
    },
    "graph0008": {
        "answer": "?",
        "encoding_time": 0.07011890411376953,
        "solving_time": 1200.1323773860931
    },
    "graph0009": {
        "answer": "?",
        "encoding_time": 0.0689845085144043,
        "solving_time": 1200.14022898674
    },
    "graph0010": {
        "answer": "?",
        "encoding_time": 0.0742490291595459,
        "solving_time": 1200.1375176906586
    },
    "graph0011": {
        "answer": "?",
        "encoding_time": 0.08278131484985352,
        "solving_time": 1200.1667239665985
    },
    "graph0012": {
        "answer": "?",
        "encoding_time": 0.08976149559020996,
        "solving_time": 1200.1488933563232
    },
    "graph0013": {
        "answer": "?",
        "encoding_time": 0.10552620887756348,
        "solving_time": 1200.1843919754028
    },
    "graph0014": {
        "answer": "?",
        "encoding_time": 0.1070556640625,
        "solving_time": 1200.1726865768433
    },
    "graph0015": {
        "answer": "?",
        "encoding_time": 0.1204214096069336,
        "solving_time": 1200.1475591659546
    },
    "graph0016": {
        "answer": "?",
        "encoding_time": 0.1281428337097168,
        "solving_time": 1200.1482391357422
    },
    "graph0017": {
        "answer": "?",
        "encoding_time": 0.13577866554260254,
        "solving_time": 1200.1391010284424
    },
    "graph0018": {
        "answer": "?",
        "encoding_time": 0.1500718593597412,
        "solving_time": 1200.1412210464478
    },
    "graph0019": {
        "answer": "?",
        "encoding_time": 0.14765119552612305,
        "solving_time": 1200.1870954036713
    },
    "graph0020": {
        "answer": "?",
        "encoding_time": 0.16219258308410645,
        "solving_time": 1200.1478674411774
    },
    "graph0021": {
        "answer": "?",
        "encoding_time": 0.1752181053161621,
        "solving_time": 1200.1945433616638
    },
    "graph0022": {
        "answer": "?",
        "encoding_time": 0.17767739295959473,
        "solving_time": 1200.1592772006989
    },
    "graph0023": {
        "answer": "?",
        "encoding_time": 0.18456053733825684,
        "solving_time": 1200.1587703227997
    },
    "graph0024": {
        "answer": "?",
        "encoding_time": 0.2023763656616211,
        "solving_time": 1200.2059106826782
    },
    "graph0025": {
        "answer": "?",
        "encoding_time": 0.20841217041015625,
        "solving_time": 1200.1614542007446
    },
    "graph0026": {
        "answer": "?",
        "encoding_time": 0.22863984107971191,
        "solving_time": 1200.1679224967957
    },
    "graph0027": {
        "answer": "?",
        "encoding_time": 0.23720645904541016,
        "solving_time": 1200.2110996246338
    },
    "graph0028": {
        "answer": "?",
        "encoding_time": 0.26300859451293945,
        "solving_time": 1200.1618583202362
    },
    "graph0029": {
        "answer": "?",
        "encoding_time": 0.2613077163696289,
        "solving_time": 1200.1875014305115
    },
    "graph0030": {
        "answer": "?",
        "encoding_time": 0.3741421699523926,
        "solving_time": 1200.1997158527374
    },
    "graph0031": {
        "answer": "?",
        "encoding_time": 0.2895345687866211,
        "solving_time": 1200.1675024032593
    },
    "graph0032": {
        "answer": "?",
        "encoding_time": 0.30751657485961914,
        "solving_time": 1200.1695790290833
    },
    "graph0033": {
        "answer": "?",
        "encoding_time": 0.32426905632019043,
        "solving_time": 1200.1813554763794
    },
    "graph0034": {
        "answer": "?",
        "encoding_time": 0.3589346408843994,
        "solving_time": 1200.2292308807373
    },
    "graph0035": {
        "answer": "?",
        "encoding_time": 0.3696596622467041,
        "solving_time": 1200.2400524616241
    },
    "graph0036": {
        "answer": "?",
        "encoding_time": 0.38971400260925293,
        "solving_time": 1200.19242978096
    },
    "graph0037": {
        "answer": "?",
        "encoding_time": 0.37627458572387695,
        "solving_time": 1200.2528247833252
    },
    "graph0038": {
        "answer": "?",
        "encoding_time": 0.429959774017334,
        "solving_time": 1200.1605758666992
    },
    "graph0039": {
        "answer": "?",
        "encoding_time": 0.4165382385253906,
        "solving_time": 1200.1275618076324
    },
    "graph0040": {
        "answer": "?",
        "encoding_time": 0.44140195846557617,
        "solving_time": 1200.196039199829
    },
    "graph0041": {
        "answer": "?",
        "encoding_time": 0.47057533264160156,
        "solving_time": 1200.2612614631653
    },
    "graph0042": {
        "answer": "?",
        "encoding_time": 0.48499321937561035,
        "solving_time": 1200.2071964740753
    },
    "graph0043": {
        "answer": "?",
        "encoding_time": 0.5075783729553223,
        "solving_time": 1200.2683923244476
    },
    "graph0044": {
        "answer": "?",
        "encoding_time": 0.5401997566223145,
        "solving_time": 1200.1739461421967
    },
    "graph0045": {
        "answer": "?",
        "encoding_time": 0.5400094985961914,
        "solving_time": 1200.2753510475159
    },
    "graph0046": {
        "answer": "?",
        "encoding_time": 0.6911008358001709,
        "solving_time": 1200.308120250702
    },
    "graph0047": {
        "answer": "?",
        "encoding_time": 0.6071462631225586,
        "solving_time": 1200.2360191345215
    },
    "graph0048": {
        "answer": "?",
        "encoding_time": 0.6102020740509033,
        "solving_time": 1200.3035206794739
    },
    "graph0049": {
        "answer": "?",
        "encoding_time": 0.6053817272186279,
        "solving_time": 1200.2398266792297
    },
    "graph0050": {
        "answer": "?",
        "encoding_time": 0.6110167503356934,
        "solving_time": 1200.3194773197174
    },
    "graph0051": {
        "answer": "?",
        "encoding_time": 0.664959192276001,
        "solving_time": 1200.263962507248
    },
    "graph0052": {
        "answer": "?",
        "encoding_time": 0.6724371910095215,
        "solving_time": 1200.234291791916
    },
    "graph0053": {
        "answer": "?",
        "encoding_time": 0.691866397857666,
        "solving_time": 1200.2380833625793
    },
    "graph0054": {
        "answer": "?",
        "encoding_time": 0.7192585468292236,
        "solving_time": 1200.3670551776886
    },
    "graph0055": {
        "answer": "?",
        "encoding_time": 0.7314980030059814,
        "solving_time": 1200.2500722408295
    },
    "graph0056": {
        "answer": "?",
        "encoding_time": 0.7638134956359863,
        "solving_time": 1200.2509109973907
    },
    "graph0057": {
        "answer": "?",
        "encoding_time": 0.7889182567596436,
        "solving_time": 1200.2044339179993
    },
    "graph0058": {
        "answer": "?",
        "encoding_time": 0.8453762531280518,
        "solving_time": 1200.4056351184845
    },