{
    "graph0001": {
        "answer": "?",
        "encoding_time": 0.022614002227783203,
        "solving_time": 1200.049961566925
    },
    "graph0002": {
        "answer": "?",
        "encoding_time": 0.03296470642089844,
        "solving_time": 1200.0450427532196
    },
    "graph0003": {
        "answer": "?",
        "encoding_time": 0.037435054779052734,
        "solving_time": 1200.0186672210693
    },
    "graph0004": {
        "answer": "?",
        "encoding_time": 0.042144775390625,
        "solving_time": 1200.115737915039
    },
    "graph0005": {
        "answer": "?",
        "encoding_time": 0.04323005676269531,
        "solving_time": 1200.1181948184967
    },
    "graph0006": {
        "answer": "?",
        "encoding_time": 0.05227470397949219,
        "solving_time": 1200.1183407306671
    },
    "graph0007": {
        "answer": "?",
        "encoding_time": 0.05811643600463867,
        "solving_time": 1200.1217756271362
    },
    "graph0008": {
        "answer": "?",
        "encoding_time": 0.0739443302154541,
        "solving_time": 1200.1272194385529
    },
    "graph0009": {
        "answer": "?",
        "encoding_time": 0.0710456371307373,
        "solving_time": 1200.1189851760864
    },
    "graph0010": {
        "answer": "?",
        "encoding_time": 0.07769656181335449,
        "solving_time": 1200.1288046836853
    },
    "graph0011": {
        "answer": "?",
        "encoding_time": 0.09136724472045898,
        "solving_time": 1200.1261904239655
    },
    "graph0012": {
        "answer": "?",
        "encoding_time": 0.09774494171142578,
        "solving_time": 1200.129792690277
    },
    "graph0013": {
        "answer": "?",
        "encoding_time": 0.10562300682067871,
        "solving_time": 1200.130369901657
    },
    "graph0014": {
        "answer": "?",
        "encoding_time": 0.10457777976989746,
        "solving_time": 1200.1354706287384
    },
    "graph0015": {
        "answer": "?",
        "encoding_time": 0.12332963943481445,
        "solving_time": 1200.132402896881
    },
    "graph0016": {
        "answer": "?",
        "encoding_time": 0.13468003273010254,
        "solving_time": 1200.1309719085693
    },
    "graph0017": {
        "answer": "?",
        "encoding_time": 0.1382284164428711,
        "solving_time": 1200.0923991203308
    },
    "graph0018": {
        "answer": "?",
        "encoding_time": 0.15757107734680176,
        "solving_time": 1200.135632276535
    },
    "graph0019": {
        "answer": "?",
        "encoding_time": 0.14708709716796875,
        "solving_time": 1200.0587599277496
    },
    "graph0020": {
        "answer": "?",
        "encoding_time": 0.1581742763519287,
        "solving_time": 1200.1262962818146
    },
    "graph0021": {
        "answer": "?",
        "encoding_time": 0.16667652130126953,
        "solving_time": 1200.1326503753662
    },
    "graph0022": {
        "answer": "?",
        "encoding_time": 0.18324637413024902,
        "solving_time": 1200.1277239322662
    },
    "graph0023": {
        "answer": "?",
        "encoding_time": 0.1885538101196289,
        "solving_time": 1200.1324834823608
    },
    "graph0024": {
        "answer": "?",
        "encoding_time": 0.2102658748626709,
        "solving_time": 1200.1323027610779
    },
    "graph0025": {
        "answer": "?",
        "encoding_time": 0.2103574275970459,
        "solving_time": 1200.129985332489
    },
    "graph0026": {
        "answer": "?",
        "encoding_time": 0.22827911376953125,
        "solving_time": 1200.1411366462708
    },
    "graph0027": {
        "answer": "?",
        "encoding_time": 0.24804115295410156,
        "solving_time": 1200.1028497219086
    },
    "graph0028": {
        "answer": "?",
        "encoding_time": 0.24692392349243164,
        "solving_time": 1200.1181893348694
    },
    "graph0029": {
        "answer": "?",
        "encoding_time": 0.27678871154785156,
        "solving_time": 1200.053233385086
    },
    "graph0030": {
        "answer": "?",
        "encoding_time": 0.2935061454772949,
        "solving_time": 1200.0923454761505
    },
    "graph0031": {
        "answer": "?",
        "encoding_time": 0.31310248374938965,
        "solving_time": 1200.1505055427551
    },
    "graph0032": {
        "answer": "?",
        "encoding_time": 0.3253917694091797,
        "solving_time": 1200.095519542694
    },
    "graph0033": {
        "answer": "?",
        "encoding_time": 0.36193346977233887,
        "solving_time": 1200.155128479004
    },
    "graph0034": {
        "answer": "?",
        "encoding_time": 0.37046027183532715,
        "solving_time": 1200.1310105323792
    },
    "graph0035": {
        "answer": "?",
        "encoding_time": 0.5253252983093262,
        "solving_time": 1200.113082408905
    },
    "graph0036": {
        "answer": "?",
        "encoding_time": 0.3829796314239502,
        "solving_time": 1200.1606850624084
    },
    "graph0037": {
        "answer": "?",
        "encoding_time": 0.40330052375793457,
        "solving_time": 1200.116714000702
    },
    "graph0038": {
        "answer": "?",
        "encoding_time": 0.43032097816467285,
        "solving_time": 1200.1002435684204
    },
    "graph0039": {
        "answer": "?",
        "encoding_time": 0.43860363960266113,
        "solving_time": 1200.1270275115967
    },
    "graph0040": {
        "answer": "?",
        "encoding_time": 0.48624110221862793,
        "solving_time": 1200.1556203365326
    },
    "graph0041": {
        "answer": "?",
        "encoding_time": 0.5049726963043213,
        "solving_time": 1200.1808867454529
    },
    "graph0042": {
        "answer": "?",
        "encoding_time": 0.5191564559936523,
        "solving_time": 1200.1653559207916
    },
    "graph0043": {
        "answer": "?",
        "encoding_time": 0.5187294483184814,
        "solving_time": 1200.1732399463654
    },
    "graph0044": {
        "answer": "?",
        "encoding_time": 0.5502912998199463,
        "solving_time": 1200.1775300502777
    },
    "graph0045": {
        "answer": "?",
        "encoding_time": 0.5825669765472412,
        "solving_time": 1200.1743822097778
    },
    "graph0046": {
        "answer": "?",
        "encoding_time": 0.620690107345581,
        "solving_time": 1200.1592416763306
    },
    "graph0047": {
        "answer": "?",
        "encoding_time": 0.6282138824462891,
        "solving_time": 1200.1198561191559
    },
    "graph0048": {
        "answer": "?",
        "encoding_time": 0.6256322860717773,
        "solving_time": 1200.113550901413
    },
    "graph0049": {
        "answer": "?",
        "encoding_time": 0.6685733795166016,
        "solving_time": 1200.1865663528442
    },
    "graph0050": {
        "answer": "?",
        "encoding_time": 0.7516961097717285,
        "solving_time": 1200.095997095108
    },
    "graph0051": {
        "answer": "?",
        "encoding_time": 0.7521543502807617,
        "solving_time": 1200.2027914524078
    },
    "graph0052": {
        "answer": "?",
        "encoding_time": 0.7708497047424316,
        "solving_time": 1200.1820392608643
    },
    "graph0053": {
        "answer": "?",
        "encoding_time": 0.7930388450622559,
        "solving_time": 1200.1848850250244
    },
    "graph0054": {
        "answer": "?",
        "encoding_time": 0.8456969261169434,
        "solving_time": 1200.221435546875
    },
    "graph0055": {
        "answer": "?",
        "encoding_time": 0.8438713550567627,
        "solving_time": 1200.1449301242828
    },
    "graph0056": {
        "answer": "?",
        "encoding_time": 0.8630378246307373,
        "solving_time": 1200.10098361969
    },
    "graph0057": {
        "answer": "?",
        "encoding_time": 0.9106993675231934,
        "solving_time": 1200.1874532699585
    },
    "graph0058": {
        "answer": "?",
        "encoding_time": 0.9296669960021973,
        "solving_time": 1200.1226019859314
    },
    "graph0059": {
        "answer": "?",