{
    "graph0001": {
        "answer": "?",
        "encoding_time": 0.025705814361572266,
        "solving_time": 1200.0421261787415
    },
    "graph0002": {
        "answer": "?",
        "encoding_time": 0.03214263916015625,
        "solving_time": 1200.030811548233
    },
    "graph0003": {
        "answer": "?",
        "encoding_time": 0.04040813446044922,
        "solving_time": 1200.119635105133
    },
    "graph0004": {
        "answer": "?",
        "encoding_time": 0.04275941848754883,
        "solving_time": 1200.123449087143
    },
    "graph0005": {
        "answer": "?",
        "encoding_time": 0.10320043563842773,
        "solving_time": 1200.114304304123
    },
    "graph0006": {
        "answer": "?",
        "encoding_time": 0.07154560089111328,
        "solving_time": 1200.0889723300934
    },
    "graph0007": {
        "answer": "?",
        "encoding_time": 0.07337093353271484,
        "solving_time": 1200.0567526817322
    },
    "graph0008": {
        "answer": "?",
        "encoding_time": 0.07723665237426758,
        "solving_time": 1200.1302349567413
    },
    "graph0009": {
        "answer": "?",
        "encoding_time": 0.07732105255126953,
        "solving_time": 1200.1231017112732
    },
    "graph0010": {
        "answer": "?",
        "encoding_time": 0.08005619049072266,
        "solving_time": 1200.1254229545593
    },
    "graph0011": {
        "answer": "?",
        "encoding_time": 0.11046218872070312,
        "solving_time": 1200.1309916973114
    },
    "graph0012": {
        "answer": "?",
        "encoding_time": 0.10673737525939941,
        "solving_time": 1200.1288797855377
    },
    "graph0013": {
        "answer": "?",
        "encoding_time": 0.11876106262207031,
        "solving_time": 1200.1193420886993
    },
    "graph0014": {
        "answer": "?",
        "encoding_time": 0.14761996269226074,
        "solving_time": 1200.1187133789062
    },
    "graph0015": {
        "answer": "?",
        "encoding_time": 0.12600994110107422,
        "solving_time": 1200.1341049671173
    },
    "graph0016": {
        "answer": "?",
        "encoding_time": 0.14968347549438477,
        "solving_time": 1200.1315503120422
    },
    "graph0017": {
        "answer": "?",
        "encoding_time": 0.1478111743927002,
        "solving_time": 1200.139410018921
    },
    "graph0018": {
        "answer": "?",
        "encoding_time": 0.16959238052368164,
        "solving_time": 1200.125720500946
    },
    "graph0019": {
        "answer": "?",
        "encoding_time": 0.17594623565673828,
        "solving_time": 1200.1385667324066
    },
    "graph0020": {
        "answer": "?",
        "encoding_time": 0.17786550521850586,
        "solving_time": 1200.125948190689
    },
    "graph0021": {
        "answer": "?",
        "encoding_time": 0.18238019943237305,
        "solving_time": 1200.1274797916412
    },
    "graph0022": {
        "answer": "?",
        "encoding_time": 0.20325207710266113,
        "solving_time": 1200.1442890167236
    },
    "graph0023": {
        "answer": "?",
        "encoding_time": 0.24356603622436523,
        "solving_time": 1200.1375770568848
    },
    "graph0024": {
        "answer": "?",
        "encoding_time": 0.22548246383666992,
        "solving_time": 1200.139188528061
    },
    "graph0025": {
        "answer": "?",
        "encoding_time": 0.26059484481811523,
        "solving_time": 1200.1362450122833
    },
    "graph0026": {
        "answer": "?",
        "encoding_time": 0.2582583427429199,
        "solving_time": 1200.1496460437775
    },
    "graph0027": {
        "answer": "?",
        "encoding_time": 0.3061540126800537,
        "solving_time": 1200.1480832099915
    },
    "graph0028": {
        "answer": "?",
        "encoding_time": 0.2701733112335205,
        "solving_time": 1200.1413271427155
    },
    "graph0029": {
        "answer": "?",
        "encoding_time": 0.3118906021118164,
        "solving_time": 1200.1463434696198
    },
    "graph0030": {
        "answer": "?",
        "encoding_time": 0.29184579849243164,
        "solving_time": 1200.150902748108
    },
    "graph0031": {
        "answer": "E",
        "encoding_time": 0.3135838508605957,
        "solving_time": 770.9576976299286
    },
    "graph0032": {
        "answer": "?",
        "encoding_time": 0.3356139659881592,
        "solving_time": 1200.142832517624
    },
    "graph0033": {
        "answer": "?",
        "encoding_time": 0.393566370010376,
        "solving_time": 1200.157989025116
    },
    "graph0034": {
        "answer": "?",
        "encoding_time": 0.3851480484008789,
        "solving_time": 1200.1536183357239
    },
    "graph0035": {
        "answer": "?",
        "encoding_time": 0.3983590602874756,
        "solving_time": 1200.1635081768036
    },
    "graph0036": {
        "answer": "?",
        "encoding_time": 0.4288170337677002,
        "solving_time": 1200.158635854721
    },
    "graph0037": {
        "answer": "?",
        "encoding_time": 0.494373083114624,
        "solving_time": 1200.1654877662659
    },
    "graph0038": {
        "answer": "?",
        "encoding_time": 0.45748066902160645,
        "solving_time": 1200.167439699173
    },
    "graph0039": {
        "answer": "?",
        "encoding_time": 0.4942007064819336,
        "solving_time": 1200.1701822280884
    },
    "graph0040": {
        "answer": "?",
        "encoding_time": 0.5167937278747559,
        "solving_time": 1200.1632895469666
    },
    "graph0041": {
        "answer": "?",
        "encoding_time": 0.5741255283355713,
        "solving_time": 1200.1055536270142
    },
    "graph0042": {
        "answer": "?",
        "encoding_time": 0.5525424480438232,
        "solving_time": 1200.1740033626556
    },
    "graph0043": {
        "answer": "?",
        "encoding_time": 0.5689067840576172,
        "solving_time": 1200.174394607544
    },
    "graph0044": {
        "answer": "?",
        "encoding_time": 0.57362961769104,
        "solving_time": 1200.176058769226
    },
    "graph0045": {
        "answer": "?",
        "encoding_time": 0.6621949672698975,
        "solving_time": 1200.1858439445496
    },
    "graph0046": {
        "answer": "?",
        "encoding_time": 0.6373505592346191,
        "solving_time": 1200.1819169521332
    },
    "graph0047": {
        "answer": "?",
        "encoding_time": 0.658888578414917,
        "solving_time": 1200.1795904636383
    },
    "graph0048": {
        "answer": "?",
        "encoding_time": 0.6710126399993896,
        "solving_time": 1200.1759309768677
    },
    "graph0049": {
        "answer": "?",
        "encoding_time": 0.750615119934082,
        "solving_time": 1200.1844854354858
    },
    "graph0050": {
        "answer": "?",
        "encoding_time": 0.7269892692565918,
        "solving_time": 1200.1951246261597
    },
    "graph0051": {
        "answer": "?",
        "encoding_time": 0.7745263576507568,
        "solving_time": 1200.1958429813385
    },
    "graph0052": {
        "answer": "?",
        "encoding_time": 0.8189890384674072,
        "solving_time": 1200.1406345367432
    },
    "graph0053": {
        "answer": "?",
        "encoding_time": 0.7711927890777588,
        "solving_time": 1200.1996693611145
    },
    "graph0054": {
        "answer": "?",
        "encoding_time": 0.831817626953125,
        "solving_time": 1200.205709695816
    },
    "graph0055": {
        "answer": "?",
        "encoding_time": 0.8807539939880371,
        "solving_time": 1200.1245760917664
    },
    "graph0056": {
        "answer": "?",
        "encoding_time": 0.8936231136322021,
        "solving_time": 1200.207557439804
    },
    "graph0057": {
        "answer": "?",
        "encoding_time": 0.9736297130584717,
        "solving_time": 1200.2088205814362
    },
    "graph0058": {
        "answer": "?",
        "encoding_time": 0.9365880489349365,
        "solving_time": 1200.2141516208649
    },
    "graph0059": {
        "answer": "?",