{
    "graph0001": {
        "answer": "?",
        "encoding_time": 0.024828195571899414,
        "solving_time": 1200.0481972694397
    },
    "graph0002": {
        "answer": "?",
        "encoding_time": 0.028508901596069336,
        "solving_time": 1200.0370726585388
    },
    "graph0003": {
        "answer": "?",
        "encoding_time": 0.03344607353210449,
        "solving_time": 1200.0575938224792
    },
    "graph0004": {
        "answer": "?",
        "encoding_time": 0.04168224334716797,
        "solving_time": 1200.0538086891174
    },
    "graph0005": {
        "answer": "?",
        "encoding_time": 0.0460209846496582,
        "solving_time": 1200.0556318759918
    },
    "graph0006": {
        "answer": "?",
        "encoding_time": 0.049311161041259766,
        "solving_time": 1200.0594124794006
    },
    "graph0007": {
        "answer": "?",
        "encoding_time": 0.061771392822265625,
        "solving_time": 1200.0482904911041
    },
    "graph0008": {
        "answer": "?",
        "encoding_time": 0.07224869728088379,
        "solving_time": 1200.051736831665
    },
    "graph0009": {
        "answer": "?",
        "encoding_time": 0.08410406112670898,
        "solving_time": 1200.0628118515015
    },
    "graph0010": {
        "answer": "?",
        "encoding_time": 0.08095717430114746,
        "solving_time": 1200.0544784069061
    },
    "graph0011": {
        "answer": "?",
        "encoding_time": 0.09197139739990234,
        "solving_time": 1200.1026315689087
    },
    "graph0012": {
        "answer": "?",
        "encoding_time": 0.10370802879333496,
        "solving_time": 1200.0986802577972
    },
    "graph0013": {
        "answer": "?",
        "encoding_time": 0.11597800254821777,
        "solving_time": 1200.0928709506989
    },
    "graph0014": {
        "answer": "?",
        "encoding_time": 0.11772966384887695,
        "solving_time": 1200.0838000774384
    },
    "graph0015": {
        "answer": "?",
        "encoding_time": 0.12613439559936523,
        "solving_time": 1200.0875425338745
    },
    "graph0016": {
        "answer": "?",
        "encoding_time": 0.14401602745056152,
        "solving_time": 1200.1083903312683
    },
    "graph0017": {
        "answer": "?",
        "encoding_time": 0.16158246994018555,
        "solving_time": 1200.138001203537
    },
    "graph0018": {
        "answer": "?",
        "encoding_time": 0.16869473457336426,
        "solving_time": 1200.1305437088013
    },
    "graph0019": {
        "answer": "?",
        "encoding_time": 0.17185592651367188,
        "solving_time": 1200.1171100139618
    },
    "graph0020": {
        "answer": "?",
        "encoding_time": 0.1779639720916748,
        "solving_time": 1200.1365218162537
    },
    "graph0021": {
        "answer": "?",
        "encoding_time": 0.1979813575744629,
        "solving_time": 1200.123502254486
    },
    "graph0022": {
        "answer": "?",
        "encoding_time": 0.20971083641052246,
        "solving_time": 1200.1461634635925
    },
    "graph0023": {
        "answer": "?",
        "encoding_time": 0.21621966361999512,
        "solving_time": 1200.1473240852356
    },
    "graph0024": {
        "answer": "?",
        "encoding_time": 0.22702407836914062,
        "solving_time": 1200.1609599590302
    },
    "graph0025": {
        "answer": "?",
        "encoding_time": 0.2386777400970459,
        "solving_time": 1200.157650232315
    },
    "graph0026": {
        "answer": "?",
        "encoding_time": 0.2401261329650879,
        "solving_time": 1200.3080666065216
    },
    "graph0027": {
        "answer": "?",
        "encoding_time": 0.3057847023010254,
        "solving_time": 1200.1883578300476
    },
    "graph0028": {
        "answer": "?",
        "encoding_time": 0.3155496120452881,
        "solving_time": 1200.1728274822235
    },
    "graph0029": {
        "answer": "?",
        "encoding_time": 0.3062121868133545,
        "solving_time": 1200.2765982151031
    },
    "graph0030": {
        "answer": "?",
        "encoding_time": 0.32695579528808594,
        "solving_time": 1200.309688091278
    },
    "graph0031": {
        "answer": "?",
        "encoding_time": 0.32561159133911133,
        "solving_time": 1200.2328729629517
    },
    "graph0032": {
        "answer": "?",
        "encoding_time": 0.34113597869873047,
        "solving_time": 1200.225172996521
    },
    "graph0033": {
        "answer": "?",
        "encoding_time": 0.3584139347076416,
        "solving_time": 1200.2432582378387
    },
    "graph0034": {
        "answer": "?",
        "encoding_time": 0.3815131187438965,
        "solving_time": 1200.0149023532867432
    },
    "graph0035": {
        "answer": "?",
        "encoding_time": 0.3766500949859619,
        "solving_time": 1200.0143513679504395
    },
    "graph0036": {
        "answer": "?",
        "encoding_time": 0.3993508815765381,
        "solving_time": 1200.0190796852111816
    },
    "graph0037": {
        "answer": "?",
        "encoding_time": 0.41173839569091797,
        "solving_time": 1200.0185577869415283
    },
    "graph0038": {
        "answer": "?",
        "encoding_time": 0.43497705459594727,
        "solving_time": 1200.0197956562042236
    },
    "graph0039": {
        "answer": "?",
        "encoding_time": 0.44924283027648926,
        "solving_time": 1200.0218698978424072
    },
    "graph0040": {
        "answer": "?",
        "encoding_time": 0.4783453941345215,
        "solving_time": 1200.0182535648345947
    },
    "graph0041": {
        "answer": "?",
        "encoding_time": 0.5056288242340088,
        "solving_time": 1200.017561912536621
    },
    "graph0042": {
        "answer": "?",
        "encoding_time": 0.5141630172729492,
        "solving_time": 1200.020754337310791
    },
    "graph0043": {
        "answer": "?",
        "encoding_time": 0.5384378433227539,
        "solving_time": 1200.0216624736785889
    },
    "graph0044": {
        "answer": "?",
        "encoding_time": 0.5579333305358887,
        "solving_time": 1200.0229167938232422
    },
    "graph0045": {
        "answer": "?",
        "encoding_time": 0.5779216289520264,
        "solving_time": 1200.0197346210479736
    },
    "graph0046": {
        "answer": "?",
        "encoding_time": 0.6101357936859131,
        "solving_time": 1200.0193281173706055
    },
    "graph0047": {
        "answer": "?",
        "encoding_time": 0.6083428859710693,
        "solving_time": 1200.0212781429290771
    },
    "graph0048": {
        "answer": "?",
        "encoding_time": 0.6865487098693848,
        "solving_time": 1200.0176517963409424
    },
    "graph0049": {
        "answer": "?",
        "encoding_time": 0.6863203048706055,
        "solving_time": 1200.0203132629394531
    },
    "graph0050": {
        "answer": "?",
        "encoding_time": 0.8219549655914307,
        "solving_time": 1200.0164215564727783
    },
    "graph0051": {
        "answer": "?",
        "encoding_time": 0.774395227432251,
        "solving_time": 1200.022108793258667
    },
    "graph0052": {
        "answer": "?",
        "encoding_time": 0.6951901912689209,
        "solving_time": 1200.0229508876800537
    },
    "graph0053": {
        "answer": "?",
        "encoding_time": 0.7183330059051514,
        "solving_time": 1200.0218708515167236
    },
    "graph0054": {
        "answer": "?",
        "encoding_time": 0.760200023651123,
        "solving_time": 1200.0231516361236572
    },
    "graph0055": {
        "answer": "?",
        "encoding_time": 0.7874045372009277,
        "solving_time": 1200.0220086574554443
    },
    "graph0056": {
        "answer": "?",
        "encoding_time": 0.7812418937683105,
        "solving_time": 1200.0233252048492432
    },
    "graph0057": {
        "answer": "?",
        "encoding_time": 0.8377594947814941,
        "solving_time": 1200.0230388641357422
    },
    "graph0058": {
        "answer": "?",
        "encoding_time": 0.8912668228149414,