{
    "graph0001": {
        "answer": "?",
        "encoding_time": 0.014400959014892578,
        "solving_time": 1200.0796213150024
    },
    "graph0002": {
        "answer": "?",
        "encoding_time": 0.025147199630737305,
        "solving_time": 1200.0495178699493
    },
    "graph0003": {
        "answer": "?",
        "encoding_time": 0.025350570678710938,
        "solving_time": 1200.1214990615845
    },
    "graph0004": {
        "answer": "?",
        "encoding_time": 0.0306394100189209,
        "solving_time": 1200.1179947853088
    },
    "graph0005": {
        "answer": "?",
        "encoding_time": 0.03351616859436035,
        "solving_time": 1200.1229770183563
    },
    "graph0006": {
        "answer": "?",
        "encoding_time": 0.030025005340576172,
        "solving_time": 1200.1194713115692
    },
    "graph0007": {
        "answer": "?",
        "encoding_time": 0.04496884346008301,
        "solving_time": 1200.1252353191376
    },
    "graph0008": {
        "answer": "?",
        "encoding_time": 0.048632144927978516,
        "solving_time": 1200.125028371811
    },
    "graph0009": {
        "answer": "?",
        "encoding_time": 0.04684042930603027,
        "solving_time": 1200.1244328022003
    },
    "graph0010": {
        "answer": "?",
        "encoding_time": 0.048732757568359375,
        "solving_time": 1200.1193737983704
    },
    "graph0011": {
        "answer": "?",
        "encoding_time": 0.05987739562988281,
        "solving_time": 1200.1212708950043
    },
    "graph0012": {
        "answer": "?",
        "encoding_time": 0.0628514289855957,
        "solving_time": 1200.1171855926514
    },
    "graph0013": {
        "answer": "?",
        "encoding_time": 0.07164907455444336,
        "solving_time": 1200.116849899292
    },
    "graph0014": {
        "answer": "?",
        "encoding_time": 0.06857180595397949,
        "solving_time": 1200.1178958415985
    },
    "graph0015": {
        "answer": "?",
        "encoding_time": 0.07755422592163086,
        "solving_time": 1200.1144137382507
    },
    "graph0016": {
        "answer": "?",
        "encoding_time": 0.08306527137756348,
        "solving_time": 1200.1145758628845
    },
    "graph0017": {
        "answer": "?",
        "encoding_time": 0.08861351013183594,
        "solving_time": 1200.117347240448
    },
    "graph0018": {
        "answer": "?",
        "encoding_time": 0.10150671005249023,
        "solving_time": 1200.1159393787384
    },
    "graph0019": {
        "answer": "?",
        "encoding_time": 0.09691452980041504,
        "solving_time": 1200.116355419159
    },
    "graph0020": {
        "answer": "?",
        "encoding_time": 0.09993362426757812,
        "solving_time": 1200.1210429668427
    },
    "graph0021": {
        "answer": "?",
        "encoding_time": 0.11054277420043945,
        "solving_time": 1200.1173901557922
    },
    "graph0022": {
        "answer": "?",
        "encoding_time": 0.1133735179901123,
        "solving_time": 1200.11984872818
    },
    "graph0023": {
        "answer": "?",
        "encoding_time": 0.1255030632019043,
        "solving_time": 1200.1281485557556
    },
    "graph0024": {
        "answer": "?",
        "encoding_time": 0.13924002647399902,
        "solving_time": 1200.1272358894348
    },
    "graph0025": {
        "answer": "?",
        "encoding_time": 0.1395106315612793,
        "solving_time": 1200.1253249645233
    },
    "graph0026": {
        "answer": "?",
        "encoding_time": 0.151153564453125,
        "solving_time": 1200.1268563270569
    },
    "graph0027": {
        "answer": "?",
        "encoding_time": 0.15754485130310059,
        "solving_time": 1200.1239161491394
    },
    "graph0028": {
        "answer": "?",
        "encoding_time": 0.16551446914672852,
        "solving_time": 1200.0884139537811
    },
    "graph0029": {
        "answer": "?",
        "encoding_time": 0.18068671226501465,
        "solving_time": 1200.1263480186462
    },
    "graph0030": {
        "answer": "?",
        "encoding_time": 0.18836617469787598,
        "solving_time": 1200.1333644390106
    },
    "graph0031": {
        "answer": "?",
        "encoding_time": 0.213392972946167,
        "solving_time": 1200.1284918785095
    },
    "graph0032": {
        "answer": "?",
        "encoding_time": 0.20924758911132812,
        "solving_time": 1200.1262702941895
    },
    "graph0033": {
        "answer": "?",
        "encoding_time": 0.20965290069580078,
        "solving_time": 1200.1348242759705
    },
    "graph0034": {
        "answer": "?",
        "encoding_time": 0.22619915008544922,
        "solving_time": 1200.1259634494781
    },
    "graph0035": {
        "answer": "?",
        "encoding_time": 0.22839617729187012,
        "solving_time": 1200.1347646713257
    },
    "graph0036": {
        "answer": "?",
        "encoding_time": 0.24459457397460938,
        "solving_time": 1200.140864610672
    },
    "graph0037": {
        "answer": "?",
        "encoding_time": 0.25970983505249023,
        "solving_time": 1200.1045463085175
    },
    "graph0038": {
        "answer": "?",
        "encoding_time": 0.26634836196899414,
        "solving_time": 1200.0664885044098
    },
    "graph0039": {
        "answer": "?",
        "encoding_time": 0.28320860862731934,
        "solving_time": 1200.03839635849
    },
    "graph0040": {
        "answer": "?",
        "encoding_time": 0.2877006530761719,
        "solving_time": 1200.1431248188019
    },
    "graph0041": {
        "answer": "?",
        "encoding_time": 0.31871843338012695,
        "solving_time": 1200.0656638145447
    },
    "graph0042": {
        "answer": "?",
        "encoding_time": 0.31801271438598633,
        "solving_time": 1200.1358652114868
    },
    "graph0043": {
        "answer": "?",
        "encoding_time": 0.3278515338897705,
        "solving_time": 1200.0417098999023
    },
    "graph0044": {
        "answer": "?",
        "encoding_time": 0.34565138816833496,
        "solving_time": 1200.1421144008636
    },
    "graph0045": {
        "answer": "?",
        "encoding_time": 0.3594207763671875,
        "solving_time": 1200.1456615924835
    },
    "graph0046": {
        "answer": "?",
        "encoding_time": 0.4075813293457031,
        "solving_time": 1200.117963552475
    },
    "graph0047": {
        "answer": "?",
        "encoding_time": 0.402479887008667,
        "solving_time": 1200.1086740493774
    },
    "graph0048": {
        "answer": "?",
        "encoding_time": 0.40627288818359375,
        "solving_time": 1200.110686302185
    },
    "graph0049": {
        "answer": "?",
        "encoding_time": 0.4063990116119385,
        "solving_time": 1200.106056690216
    },
    "graph0050": {
        "answer": "?",
        "encoding_time": 0.5033338069915771,
        "solving_time": 1200.147664308548
    },
    "graph0051": {
        "answer": "?",
        "encoding_time": 0.45494604110717773,
        "solving_time": 1200.1598036289215
    },
    "graph0052": {
        "answer": "?",
        "encoding_time": 0.5144739151000977,
        "solving_time": 1199.1386811733246
    },
    "graph0053": {
        "answer": "?",
        "encoding_time": 0.5346777439117432,
        "solving_time": 1200.0702192783356
    },
    "graph0054": {
        "answer": "?",
        "encoding_time": 0.5183048248291016,
        "solving_time": 1200.0739998817444
    },
    "graph0055": {
        "answer": "?",
        "encoding_time": 0.5953335762023926,
        "solving_time": 1200.1504876613617
    },
    "graph0056": {
        "answer": "?",
        "encoding_time": 0.5738346576690674,
        "solving_time": 1200.1544206142426
    },
    "graph0057": {
        "answer": "?",
        "encoding_time": 0.6062047481536865,
        "solving_time": 1200.0587589740753
    },
    "graph0058": {
        "answer": "?",
        "encoding_time": 0.6685676574707031,
        "solving_time": 1200.069815158844
    },