{
    "graph0001": {
        "answer": "?",
        "encoding_time": 0.012308835983276367,
        "solving_time": 1200.016695022583
    },
    "graph0002": {
        "answer": "?",
        "encoding_time": 0.014747142791748047,
        "solving_time": 1200.0171999931335
    },
    "graph0003": {
        "answer": "?",
        "encoding_time": 0.0196533203125,
        "solving_time": 1200.0346546173096
    },
    "graph0004": {
        "answer": "?",
        "encoding_time": 0.022377729415893555,
        "solving_time": 1200.0306618213654
    },
    "graph0005": {
        "answer": "?",
        "encoding_time": 0.030392169952392578,
        "solving_time": 1200.0304522514343
    },
    "graph0006": {
        "answer": "?",
        "encoding_time": 0.02873826026916504,
        "solving_time": 1200.060932636261
    },
    "graph0007": {
        "answer": "?",
        "encoding_time": 0.03217458724975586,
        "solving_time": 1200.038500547409
    },
    "graph0008": {
        "answer": "?",
        "encoding_time": 0.04040980339050293,
        "solving_time": 1200.030705690384
    },
    "graph0009": {
        "answer": "?",
        "encoding_time": 0.040392398834228516,
        "solving_time": 1200.0301671028137
    },
    "graph0010": {
        "answer": "?",
        "encoding_time": 0.0400538444519043,
        "solving_time": 1200.054211616516
    },
    "graph0011": {
        "answer": "?",
        "encoding_time": 0.05267810821533203,
        "solving_time": 1200.0619494915009
    },
    "graph0012": {
        "answer": "?",
        "encoding_time": 0.052376747131347656,
        "solving_time": 1200.0983891487122
    },
    "graph0013": {
        "answer": "?",
        "encoding_time": 0.05809760093688965,
        "solving_time": 1200.0810806751251
    },
    "graph0014": {
        "answer": "?",
        "encoding_time": 0.06446099281311035,
        "solving_time": 1200.0688526630402
    },
    "graph0015": {
        "answer": "?",
        "encoding_time": 0.06837940216064453,
        "solving_time": 1200.0455944538116
    },
    "graph0016": {
        "answer": "?",
        "encoding_time": 0.07514333724975586,
        "solving_time": 1200.1214332580566
    },
    "graph0017": {
        "answer": "?",
        "encoding_time": 0.07554769515991211,
        "solving_time": 1200.1171505451202
    },
    "graph0018": {
        "answer": "?",
        "encoding_time": 0.08778858184814453,
        "solving_time": 1200.123675107956
    },
    "graph0019": {
        "answer": "?",
        "encoding_time": 0.08267450332641602,
        "solving_time": 1200.1390488147736
    },
    "graph0020": {
        "answer": "?",
        "encoding_time": 0.08901429176330566,
        "solving_time": 1200.0679881572723
    },
    "graph0021": {
        "answer": "?",
        "encoding_time": 0.09605860710144043,
        "solving_time": 1200.0927290916443
    },
    "graph0022": {
        "answer": "?",
        "encoding_time": 0.10199260711669922,
        "solving_time": 1200.0625154972076
    },
    "graph0023": {
        "answer": "?",
        "encoding_time": 0.10130739212036133,
        "solving_time": 1200.027834892273
    },
    "graph0024": {
        "answer": "?",
        "encoding_time": 0.11482715606689453,
        "solving_time": 1200.1197516918182
    },
    "graph0025": {
        "answer": "?",
        "encoding_time": 0.1300368309020996,
        "solving_time": 1200.0752227306366
    },
    "graph0026": {
        "answer": "?",
        "encoding_time": 0.13140010833740234,
        "solving_time": 1200.141019821167
    },
    "graph0027": {
        "answer": "?",
        "encoding_time": 0.1446824073791504,
        "solving_time": 1200.1294355392456
    },
    "graph0028": {
        "answer": "?",
        "encoding_time": 0.139815092086792,
        "solving_time": 1200.1494841575623
    },
    "graph0029": {
        "answer": "?",
        "encoding_time": 0.1578516960144043,
        "solving_time": 1200.1260166168213
    },
    "graph0030": {
        "answer": "?",
        "encoding_time": 0.16264057159423828,
        "solving_time": 1200.1525132656097
    },
    "graph0031": {
        "answer": "?",
        "encoding_time": 0.17112302780151367,
        "solving_time": 1200.1314857006073
    },
    "graph0032": {
        "answer": "?",
        "encoding_time": 0.17910981178283691,
        "solving_time": 1200.1479423046112
    },
    "graph0033": {
        "answer": "?",
        "encoding_time": 0.20076513290405273,
        "solving_time": 1200.1549961566925
    },
    "graph0034": {
        "answer": "?",
        "encoding_time": 0.2004246711730957,
        "solving_time": 1200.149053812027
    },
    "graph0035": {
        "answer": "?",
        "encoding_time": 0.21219515800476074,
        "solving_time": 1200.1573913097382
    },
    "graph0036": {
        "answer": "?",
        "encoding_time": 0.22141671180725098,
        "solving_time": 1200.1582322120667
    },
    "graph0037": {
        "answer": "?",
        "encoding_time": 0.23622822761535645,
        "solving_time": 1200.1348717212677
    },
    "graph0038": {
        "answer": "?",
        "encoding_time": 0.25341796875,
        "solving_time": 1200.154259443283
    },
    "graph0039": {
        "answer": "?",
        "encoding_time": 0.26445913314819336,
        "solving_time": 1200.1620802879333
    },
    "graph0040": {
        "answer": "?",
        "encoding_time": 0.2794198989868164,
        "solving_time": 1200.148256778717
    },
    "graph0041": {
        "answer": "?",
        "encoding_time": 0.279083251953125,
        "solving_time": 1200.1548681259155
    },
    "graph0042": {
        "answer": "?",
        "encoding_time": 0.2931225299835205,
        "solving_time": 1200.1603798866272
    },
    "graph0043": {
        "answer": "?",
        "encoding_time": 0.2944931983947754,
        "solving_time": 1200.1385238170624
    },
    "graph0044": {
        "answer": "?",
        "encoding_time": 0.3244047164916992,
        "solving_time": 1200.1656274795532
    },
    "graph0045": {
        "answer": "?",
        "encoding_time": 0.31711864471435547,
        "solving_time": 1200.1627950668335
    },
    "graph0046": {
        "answer": "?",
        "encoding_time": 0.3432135581970215,
        "solving_time": 1200.1625390052795
    },
    "graph0047": {
        "answer": "?",
        "encoding_time": 0.35935044288635254,
        "solving_time": 1200.1415946483612
    },
    "graph0048": {
        "answer": "?",
        "encoding_time": 0.3429853916168213,
        "solving_time": 1200.1634936332703
    },
    "graph0049": {
        "answer": "?",
        "encoding_time": 0.36124420166015625,
        "solving_time": 1200.136994600296
    },
    "graph0050": {
        "answer": "?",
        "encoding_time": 0.3961656093597412,
        "solving_time": 1200.1438274383545
    },
    "graph0051": {
        "answer": "?",
        "encoding_time": 0.44432806968688965,
        "solving_time": 1200.143881559372
    },
    "graph0052": {
        "answer": "?",
        "encoding_time": 0.4104461669921875,
        "solving_time": 1200.1418056488037
    },
    "graph0053": {
        "answer": "?",
        "encoding_time": 0.4275698661804199,
        "solving_time": 1200.1388664245605
    },
    "graph0054": {
        "answer": "?",
        "encoding_time": 0.4563717842102051,
        "solving_time": 1200.1354594230652
    },
    "graph0055": {
        "answer": "?",
        "encoding_time": 0.48096394538879395,
        "solving_time": 1200.1492185592651
    },
    "graph0056": {
        "answer": "?",
        "encoding_time": 0.5115158557891846,
        "solving_time": 1200.1471853256226
    },
    "graph0057": {
        "answer": "?",
        "encoding_time": 0.5065901279449463,
        "solving_time": 1200.1492147445679
    },
    "graph0058": {
        "answer": "?",
        "encoding_time": 0.5070290565490723,
        "solving_time": 1200.2903609275818
    },