{
    "graph0001": {
        "answer": "?",
        "encoding_time": 0.014914751052856445,
        "solving_time": 1200.1170315742493
    },
    "graph0002": {
        "answer": "?",
        "encoding_time": 0.024569272994995117,
        "solving_time": 1200.1205580234528
    },
    "graph0003": {
        "answer": "?",
        "encoding_time": 0.026286840438842773,
        "solving_time": 1200.0769174098969
    },
    "graph0004": {
        "answer": "?",
        "encoding_time": 0.030941486358642578,
        "solving_time": 1200.035344362259
    },
    "graph0005": {
        "answer": "?",
        "encoding_time": 0.033632516860961914,
        "solving_time": 1200.1305618286133
    },
    "graph0006": {
        "answer": "?",
        "encoding_time": 0.03398394584655762,
        "solving_time": 1200.119464635849
    },
    "graph0007": {
        "answer": "?",
        "encoding_time": 0.0415959358215332,
        "solving_time": 1200.1229074001312
    },
    "graph0008": {
        "answer": "?",
        "encoding_time": 0.0527498722076416,
        "solving_time": 1200.1214363574982
    },
    "graph0009": {
        "answer": "?",
        "encoding_time": 0.053282976150512695,
        "solving_time": 1200.1322124004364
    },
    "graph0010": {
        "answer": "?",
        "encoding_time": 0.049854278564453125,
        "solving_time": 1200.0756766796112
    },
    "graph0011": {
        "answer": "?",
        "encoding_time": 0.06030535697937012,
        "solving_time": 1200.0965135097504
    },
    "graph0012": {
        "answer": "?",
        "encoding_time": 0.0635843276977539,
        "solving_time": 1200.1336097717285
    },
    "graph0013": {
        "answer": "?",
        "encoding_time": 0.0682063102722168,
        "solving_time": 1200.1339371204376
    },
    "graph0014": {
        "answer": "?",
        "encoding_time": 0.07242321968078613,
        "solving_time": 1200.0763194561005
    },
    "graph0015": {
        "answer": "?",
        "encoding_time": 0.07818889617919922,
        "solving_time": 1200.131843805313
    },
    "graph0016": {
        "answer": "?",
        "encoding_time": 0.08891797065734863,
        "solving_time": 1200.1436545848846
    },
    "graph0017": {
        "answer": "?",
        "encoding_time": 0.08722829818725586,
        "solving_time": 1200.1465933322906
    },
    "graph0018": {
        "answer": "?",
        "encoding_time": 0.10526299476623535,
        "solving_time": 1200.1486201286316
    },
    "graph0019": {
        "answer": "?",
        "encoding_time": 0.10349822044372559,
        "solving_time": 1200.0714948177338
    },
    "graph0020": {
        "answer": "?",
        "encoding_time": 0.10526204109191895,
        "solving_time": 1200.1418616771698
    },
    "graph0021": {
        "answer": "?",
        "encoding_time": 0.12018799781799316,
        "solving_time": 1200.1364350318909
    },
    "graph0022": {
        "answer": "?",
        "encoding_time": 0.1177663803100586,
        "solving_time": 1200.1394128799438
    },
    "graph0023": {
        "answer": "?",
        "encoding_time": 0.1231842041015625,
        "solving_time": 1200.1041638851166
    },
    "graph0024": {
        "answer": "?",
        "encoding_time": 0.1356675624847412,
        "solving_time": 1200.1371948719025
    },
    "graph0025": {
        "answer": "?",
        "encoding_time": 0.13863301277160645,
        "solving_time": 1200.1197254657745
    },
    "graph0026": {
        "answer": "?",
        "encoding_time": 0.14437556266784668,
        "solving_time": 1200.142270565033
    },
    "graph0027": {
        "answer": "?",
        "encoding_time": 0.16641950607299805,
        "solving_time": 1200.1477239131927
    },
    "graph0028": {
        "answer": "?",
        "encoding_time": 0.16064763069152832,
        "solving_time": 1200.078013420105
    },
    "graph0029": {
        "answer": "?",
        "encoding_time": 0.17555785179138184,
        "solving_time": 1200.1436142921448
    },
    "graph0030": {
        "answer": "?",
        "encoding_time": 0.1855149269104004,
        "solving_time": 1200.1555881500244
    },
    "graph0031": {
        "answer": "?",
        "encoding_time": 0.1941986083984375,
        "solving_time": 1200.1149389743805
    },
    "graph0032": {
        "answer": "?",
        "encoding_time": 0.20335817337036133,
        "solving_time": 1200.1553156375885
    },
    "graph0033": {
        "answer": "?",
        "encoding_time": 0.20821070671081543,
        "solving_time": 1200.1349942684174
    },
    "graph0034": {
        "answer": "?",
        "encoding_time": 0.2308812141418457,
        "solving_time": 1200.0741353034973
    },
    "graph0035": {
        "answer": "?",
        "encoding_time": 0.22965431213378906,
        "solving_time": 1200.1383938789368
    },
    "graph0036": {
        "answer": "?",
        "encoding_time": 0.25211429595947266,
        "solving_time": 1200.0676670074463
    },
    "graph0037": {
        "answer": "?",
        "encoding_time": 0.25185465812683105,
        "solving_time": 1200.09916305542
    },
    "graph0038": {
        "answer": "?",
        "encoding_time": 0.28396153450012207,
        "solving_time": 1200.16992020607
    },
    "graph0039": {
        "answer": "?",
        "encoding_time": 0.28295207023620605,
        "solving_time": 1200.1255733966827
    },
    "graph0040": {
        "answer": "?",
        "encoding_time": 0.3186976909637451,
        "solving_time": 1200.178020477295
    },
    "graph0041": {
        "answer": "?",
        "encoding_time": 0.3138127326965332,
        "solving_time": 1200.0903506278992
    },
    "graph0042": {
        "answer": "?",
        "encoding_time": 0.31964564323425293,
        "solving_time": 1200.1801903247833
    },
    "graph0043": {
        "answer": "?",
        "encoding_time": 0.3440835475921631,
        "solving_time": 1200.1848847866058
    },
    "graph0044": {
        "answer": "?",
        "encoding_time": 0.34450602531433105,
        "solving_time": 1200.090309381485
    },
    "graph0045": {
        "answer": "?",
        "encoding_time": 0.36330747604370117,
        "solving_time": 1200.1814613342285
    },
    "graph0046": {
        "answer": "?",
        "encoding_time": 0.3672318458557129,
        "solving_time": 1200.1679780483246
    },
    "graph0047": {
        "answer": "?",
        "encoding_time": 0.3957948684692383,
        "solving_time": 1200.104724407196
    },
    "graph0048": {
        "answer": "?",
        "encoding_time": 0.4012877941131592,
        "solving_time": 1200.1591584682465
    },
    "graph0049": {
        "answer": "?",
        "encoding_time": 0.4167635440826416,
        "solving_time": 1200.193184375763
    },
    "graph0050": {
        "answer": "?",
        "encoding_time": 0.46013593673706055,
        "solving_time": 1200.1644711494446
    },
    "graph0051": {
        "answer": "?",
        "encoding_time": 0.44328904151916504,
        "solving_time": 1200.1751046180725
    },
    "graph0052": {
        "answer": "?",
        "encoding_time": 0.39850902557373047,
        "solving_time": 1200.163890361786
    },
    "graph0053": {
        "answer": "?",
        "encoding_time": 0.42746782302856445,
        "solving_time": 1200.1902749538422
    },
    "graph0054": {
        "answer": "?",
        "encoding_time": 0.547572135925293,
        "solving_time": 1200.1841306686401
    },
    "graph0055": {
        "answer": "?",
        "encoding_time": 0.46012163162231445,
        "solving_time": 1200.1967222690582
    },
    "graph0056": {
        "answer": "?",
        "encoding_time": 0.48356080055236816,
        "solving_time": 1200.1016895771027
    },
    "graph0057": {
        "answer": "?",
        "encoding_time": 0.49132323265075684,
        "solving_time": 1200.1871678829193
    },
    "graph0058": {
        "answer": "?",
        "encoding_time": 0.5255005359649658,
        "solving_time": 1200.1289293766022
    },