{
    "graph0001": {
        "answer": "?",
        "encoding_time": 0.01369929313659668,
        "solving_time": 1200.1253724098206
    },
    "graph0002": {
        "answer": "?",
        "encoding_time": 0.020473480224609375,
        "solving_time": 1200.0184426307678
    },
    "graph0003": {
        "answer": "?",
        "encoding_time": 0.023937702178955078,
        "solving_time": 1200.0188436508179
    },
    "graph0004": {
        "answer": "?",
        "encoding_time": 0.026892662048339844,
        "solving_time": 1200.017102241516
    },
    "graph0005": {
        "answer": "?",
        "encoding_time": 0.02863311767578125,
        "solving_time": 1200.0197131633759
    },
    "graph0006": {
        "answer": "?",
        "encoding_time": 0.03279995918273926,
        "solving_time": 1200.019784450531
    },
    "graph0007": {
        "answer": "?",
        "encoding_time": 0.03817462921142578,
        "solving_time": 1200.019350528717
    },
    "graph0008": {
        "answer": "?",
        "encoding_time": 0.04405570030212402,
        "solving_time": 1200.0194551944733
    },
    "graph0009": {
        "answer": "?",
        "encoding_time": 0.04489278793334961,
        "solving_time": 1200.0145802497864
    },
    "graph0010": {
        "answer": "?",
        "encoding_time": 0.05130434036254883,
        "solving_time": 1200.1177859306335
    },
    "graph0011": {
        "answer": "?",
        "encoding_time": 0.0560765266418457,
        "solving_time": 1200.0190110206604
    },
    "graph0012": {
        "answer": "?",
        "encoding_time": 0.05829167366027832,
        "solving_time": 1200.0191543102264
    },
    "graph0013": {
        "answer": "?",
        "encoding_time": 0.06820464134216309,
        "solving_time": 1200.01984333992
    },
    "graph0014": {
        "answer": "?",
        "encoding_time": 0.06769514083862305,
        "solving_time": 1200.019157409668
    },
    "graph0015": {
        "answer": "?",
        "encoding_time": 0.072113037109375,
        "solving_time": 1200.0194280147552
    },
    "graph0016": {
        "answer": "?",
        "encoding_time": 0.08197927474975586,
        "solving_time": 1200.0198554992676
    },
    "graph0017": {
        "answer": "?",
        "encoding_time": 0.08665013313293457,
        "solving_time": 1200.0187990665436
    },
    "graph0018": {
        "answer": "?",
        "encoding_time": 0.09067869186401367,
        "solving_time": 1200.0195126533508
    },
    "graph0019": {
        "answer": "?",
        "encoding_time": 0.0911874771118164,
        "solving_time": 1200.0198607444763
    },
    "graph0020": {
        "answer": "?",
        "encoding_time": 0.10035133361816406,
        "solving_time": 1200.1243839263916
    },
    "graph0021": {
        "answer": "?",
        "encoding_time": 0.10407614707946777,
        "solving_time": 1200.0215888023376
    },
    "graph0022": {
        "answer": "?",
        "encoding_time": 0.10891199111938477,
        "solving_time": 1200.0168600082397
    },
    "graph0023": {
        "answer": "?",
        "encoding_time": 0.1167144775390625,
        "solving_time": 1200.014882326126
    },
    "graph0024": {
        "answer": "?",
        "encoding_time": 0.12641382217407227,
        "solving_time": 1200.0216181278229
    },
    "graph0025": {
        "answer": "?",
        "encoding_time": 0.1317460536956787,
        "solving_time": 1200.0211622714996
    },
    "graph0026": {
        "answer": "?",
        "encoding_time": 0.14012980461120605,
        "solving_time": 1200.023225069046
    },
    "graph0027": {
        "answer": "?",
        "encoding_time": 0.14862585067749023,
        "solving_time": 1200.0217158794403
    },
    "graph0028": {
        "answer": "?",
        "encoding_time": 0.1509380340576172,
        "solving_time": 1200.0196108818054
    },
    "graph0029": {
        "answer": "?",
        "encoding_time": 0.16305851936340332,
        "solving_time": 1200.0170404911041
    },
    "graph0030": {
        "answer": "?",
        "encoding_time": 0.17779326438903809,
        "solving_time": 1200.065728187561
    },
    "graph0031": {
        "answer": "?",
        "encoding_time": 0.1781308650970459,
        "solving_time": 1200.0240504741669
    },
    "graph0032": {
        "answer": "?",
        "encoding_time": 0.19019293785095215,
        "solving_time": 1200.0211961269379
    },
    "graph0033": {
        "answer": "?",
        "encoding_time": 0.20416831970214844,
        "solving_time": 1200.0267000198364
    },
    "graph0034": {
        "answer": "?",
        "encoding_time": 0.20922636985778809,
        "solving_time": 1200.0246109962463
    },
    "graph0035": {
        "answer": "?",
        "encoding_time": 0.2177588939666748,
        "solving_time": 1200.023921251297
    },
    "graph0036": {
        "answer": "?",
        "encoding_time": 0.2290806770324707,
        "solving_time": 1200.0228424072266
    },
    "graph0037": {
        "answer": "?",
        "encoding_time": 0.24175453186035156,
        "solving_time": 1200.0242280960083
    },
    "graph0038": {
        "answer": "?",
        "encoding_time": 0.2542533874511719,
        "solving_time": 1200.0184791088104
    },
    "graph0039": {
        "answer": "?",
        "encoding_time": 0.2584233283996582,
        "solving_time": 1200.0192403793335
    },
    "graph0040": {
        "answer": "?",
        "encoding_time": 0.2797980308532715,
        "solving_time": 1200.048635482788
    },
    "graph0041": {
        "answer": "?",
        "encoding_time": 0.2921769618988037,
        "solving_time": 1200.021042585373
    },
    "graph0042": {
        "answer": "?",
        "encoding_time": 0.2992424964904785,
        "solving_time": 1200.0201978683472
    },
    "graph0043": {
        "answer": "?",
        "encoding_time": 0.30553507804870605,
        "solving_time": 1200.0198135375977
    },
    "graph0044": {
        "answer": "?",
        "encoding_time": 0.32048845291137695,
        "solving_time": 1200.0255379676819
    },
    "graph0045": {
        "answer": "?",
        "encoding_time": 0.337787389755249,
        "solving_time": 1200.0259146690369
    },
    "graph0046": {
        "answer": "?",
        "encoding_time": 0.3577749729156494,
        "solving_time": 1200.0201244354248
    },
    "graph0047": {
        "answer": "?",
        "encoding_time": 0.36856889724731445,
        "solving_time": 1200.0261497497559
    },
    "graph0048": {
        "answer": "?",
        "encoding_time": 0.365433931350708,
        "solving_time": 1200.0210189819336
    },
    "graph0049": {
        "answer": "?",
        "encoding_time": 0.4113481044769287,
        "solving_time": 1200.026839017868
    },
    "graph0050": {
        "answer": "?",
        "encoding_time": 0.4008963108062744,
        "solving_time": 1200.1333227157593
    },
    "graph0051": {
        "answer": "?",
        "encoding_time": 0.40730929374694824,
        "solving_time": 1200.0272459983826
    },
    "graph0052": {
        "answer": "?",
        "encoding_time": 0.4129495620727539,
        "solving_time": 1200.022166967392
    },
    "graph0053": {
        "answer": "?",
        "encoding_time": 0.43811917304992676,
        "solving_time": 1200.02188205719
    },
    "graph0054": {
        "answer": "?",
        "encoding_time": 0.45790719985961914,
        "solving_time": 1200.0286226272583
    },
    "graph0055": {
        "answer": "?",
        "encoding_time": 0.4680473804473877,
        "solving_time": 1200.0285205841064
    },
    "graph0056": {
        "answer": "?",
        "encoding_time": 0.4715566635131836,
        "solving_time": 1200.0238428115845
    },
    "graph0057": {
        "answer": "?",
        "encoding_time": 0.5024995803833008,
        "solving_time": 1200.0242385864258
    },
    "graph0058": {
        "answer": "?",
        "encoding_time": 0.5073695182800293,
        "solving_time": 1200.0310323238373
    },