{
    "graph0001": {
        "answer": "?",
        "encoding_time": 0.013707637786865234,
        "solving_time": 1200.1187481880188
    },
    "graph0002": {
        "answer": "?",
        "encoding_time": 0.025494813919067383,
        "solving_time": 1200.1133086681366
    },
    "graph0003": {
        "answer": "?",
        "encoding_time": 0.02783036231994629,
        "solving_time": 1200.1128613948822
    },
    "graph0004": {
        "answer": "?",
        "encoding_time": 0.03146004676818848,
        "solving_time": 1200.11922621727
    },
    "graph0005": {
        "answer": "?",
        "encoding_time": 0.031182289123535156,
        "solving_time": 1200.115166425705
    },
    "graph0006": {
        "answer": "?",
        "encoding_time": 0.039541006088256836,
        "solving_time": 1200.0341715812683
    },
    "graph0007": {
        "answer": "?",
        "encoding_time": 0.042357444763183594,
        "solving_time": 1200.1119685173035
    },
    "graph0008": {
        "answer": "?",
        "encoding_time": 0.045063018798828125,
        "solving_time": 1200.1133251190186
    },
    "graph0009": {
        "answer": "?",
        "encoding_time": 0.04172086715698242,
        "solving_time": 1200.1261184215546
    },
    "graph0010": {
        "answer": "?",
        "encoding_time": 0.04844021797180176,
        "solving_time": 1200.116797208786
    },
    "graph0011": {
        "answer": "?",
        "encoding_time": 0.051801443099975586,
        "solving_time": 1200.1330180168152
    },
    "graph0012": {
        "answer": "?",
        "encoding_time": 0.2064201831817627,
        "solving_time": 1200.1262872219086
    },
    "graph0013": {
        "answer": "?",
        "encoding_time": 0.07517552375793457,
        "solving_time": 1200.119476556778
    },
    "graph0014": {
        "answer": "?",
        "encoding_time": 0.06624794006347656,
        "solving_time": 1200.119094133377
    },
    "graph0015": {
        "answer": "?",
        "encoding_time": 0.07434701919555664,
        "solving_time": 1200.1296775341034
    },
    "graph0016": {
        "answer": "?",
        "encoding_time": 0.08427047729492188,
        "solving_time": 1200.1208288669586
    },
    "graph0017": {
        "answer": "?",
        "encoding_time": 0.08482098579406738,
        "solving_time": 1200.1334910392761
    },
    "graph0018": {
        "answer": "?",
        "encoding_time": 0.10730791091918945,
        "solving_time": 1200.1337122917175
    },
    "graph0019": {
        "answer": "?",
        "encoding_time": 0.10855579376220703,
        "solving_time": 1200.1313033103943
    },
    "graph0020": {
        "answer": "?",
        "encoding_time": 0.10094380378723145,
        "solving_time": 1200.1241462230682
    },
    "graph0021": {
        "answer": "?",
        "encoding_time": 0.11253929138183594,
        "solving_time": 1200.1280329227448
    },
    "graph0022": {
        "answer": "?",
        "encoding_time": 0.11984872817993164,
        "solving_time": 1200.1212093830109
    },
    "graph0023": {
        "answer": "?",
        "encoding_time": 0.12383127212524414,
        "solving_time": 1200.1292264461517
    },
    "graph0024": {
        "answer": "?",
        "encoding_time": 0.13422942161560059,
        "solving_time": 1200.143149137497
    },
    "graph0025": {
        "answer": "?",
        "encoding_time": 0.13579559326171875,
        "solving_time": 1200.1283614635468
    },
    "graph0026": {
        "answer": "?",
        "encoding_time": 0.14917707443237305,
        "solving_time": 1200.1398348808289
    },
    "graph0027": {
        "answer": "?",
        "encoding_time": 0.1638472080230713,
        "solving_time": 1200.1461820602417
    },
    "graph0028": {
        "answer": "?",
        "encoding_time": 0.17450356483459473,
        "solving_time": 1200.1516089439392
    },
    "graph0029": {
        "answer": "?",
        "encoding_time": 0.18215608596801758,
        "solving_time": 1200.136109828949
    },
    "graph0030": {
        "answer": "?",
        "encoding_time": 0.1989903450012207,
        "solving_time": 1200.13045668602
    },
    "graph0031": {
        "answer": "?",
        "encoding_time": 0.19539499282836914,
        "solving_time": 1200.1423966884613
    },
    "graph0032": {
        "answer": "?",
        "encoding_time": 0.20828771591186523,
        "solving_time": 1200.1368503570557
    },
    "graph0033": {
        "answer": "?",
        "encoding_time": 0.207672119140625,
        "solving_time": 1200.1345853805542
    },
    "graph0034": {
        "answer": "?",
        "encoding_time": 0.2200477123260498,
        "solving_time": 1200.1355402469635
    },
    "graph0035": {
        "answer": "?",
        "encoding_time": 0.2398982048034668,
        "solving_time": 1200.1494796276093
    },
    "graph0036": {
        "answer": "?",
        "encoding_time": 0.24434757232666016,
        "solving_time": 1200.1348938941956
    },
    "graph0037": {
        "answer": "?",
        "encoding_time": 0.24935436248779297,
        "solving_time": 1200.1554923057556
    },
    "graph0038": {
        "answer": "?",
        "encoding_time": 0.2633359432220459,
        "solving_time": 1200.1375124454498
    },
    "graph0039": {
        "answer": "?",
        "encoding_time": 0.27577638626098633,
        "solving_time": 1200.142326593399
    },
    "graph0040": {
        "answer": "?",
        "encoding_time": 0.32720494270324707,
        "solving_time": 1200.1561210155487
    },
    "graph0041": {
        "answer": "?",
        "encoding_time": 0.3046712875366211,
        "solving_time": 1200.1437377929688
    },
    "graph0042": {
        "answer": "?",
        "encoding_time": 0.31049275398254395,
        "solving_time": 1200.1399328708649
    },
    "graph0043": {
        "answer": "?",
        "encoding_time": 0.32274651527404785,
        "solving_time": 1200.144267320633
    },
    "graph0044": {
        "answer": "?",
        "encoding_time": 0.3793036937713623,
        "solving_time": 1200.1620562076569
    },
    "graph0045": {
        "answer": "?",
        "encoding_time": 0.3518390655517578,
        "solving_time": 1200.1670565605164
    },
    "graph0046": {
        "answer": "?",
        "encoding_time": 0.3724691867828369,
        "solving_time": 1200.1502447128296
    },
    "graph0047": {
        "answer": "?",
        "encoding_time": 0.3790285587310791,
        "solving_time": 1200.1681776046753
    },
    "graph0048": {
        "answer": "?",
        "encoding_time": 0.39655017852783203,
        "solving_time": 1200.1535868644714
    },
    "graph0049": {
        "answer": "?",
        "encoding_time": 0.38321638107299805,
        "solving_time": 1200.1544075012207
    },
    "graph0050": {
        "answer": "?",
        "encoding_time": 0.42420387268066406,
        "solving_time": 1200.164217710495
    },
    "graph0051": {
        "answer": "?",
        "encoding_time": 0.40549516677856445,
        "solving_time": 1200.1454575061798
    },
    "graph0052": {
        "answer": "?",
        "encoding_time": 0.40396690368652344,
        "solving_time": 1200.14302444458
    },
    "graph0053": {
        "answer": "?",
        "encoding_time": 0.4317924976348877,
        "solving_time": 1200.150292634964
    },
    "graph0054": {
        "answer": "?",
        "encoding_time": 0.42693209648132324,
        "solving_time": 1200.1501219272614
    },
    "graph0055": {
        "answer": "?",
        "encoding_time": 0.45504093170166016,
        "solving_time": 1200.1511750221252
    },
    "graph0056": {
        "answer": "?",
        "encoding_time": 0.46434450149536133,
        "solving_time": 1200.1567420959473
    },
    "graph0057": {
        "answer": "?",
        "encoding_time": 0.48716139793395996,
        "solving_time": 1200.1551027297974
    },
    "graph0058": {
        "answer": "?",
        "encoding_time": 0.4913501739501953,
        "solving_time": 1200.1497666835785
    },