{
    "graph0001": {
        "answer": "?",
        "encoding_time": 0.014330148696899414,
        "solving_time": 1200.0250329971313
    },
    "graph0002": {
        "answer": "?",
        "encoding_time": 0.02449512481689453,
        "solving_time": 1200.0450522899628
    },
    "graph0003": {
        "answer": "?",
        "encoding_time": 0.02929377555847168,
        "solving_time": 1200.1042416095734
    },
    "graph0004": {
        "answer": "?",
        "encoding_time": 0.031526803970336914,
        "solving_time": 1200.1123101711273
    },
    "graph0005": {
        "answer": "?",
        "encoding_time": 0.033391714096069336,
        "solving_time": 1200.1135466098785
    },
    "graph0006": {
        "answer": "?",
        "encoding_time": 0.035813331604003906,
        "solving_time": 1200.0666449069977
    },
    "graph0007": {
        "answer": "?",
        "encoding_time": 0.035439252853393555,
        "solving_time": 1200.043487071991
    },
    "graph0008": {
        "answer": "?",
        "encoding_time": 0.046480417251586914,
        "solving_time": 1200.118728876114
    },
    "graph0009": {
        "answer": "?",
        "encoding_time": 0.04598116874694824,
        "solving_time": 1200.1199476718903
    },
    "graph0010": {
        "answer": "?",
        "encoding_time": 0.051457881927490234,
        "solving_time": 1200.120297908783
    },
    "graph0011": {
        "answer": "?",
        "encoding_time": 0.05612778663635254,
        "solving_time": 1200.1255145072937
    },
    "graph0012": {
        "answer": "?",
        "encoding_time": 0.059323787689208984,
        "solving_time": 1200.1267938613892
    },
    "graph0013": {
        "answer": "?",
        "encoding_time": 0.07096028327941895,
        "solving_time": 1200.124951839447
    },
    "graph0014": {
        "answer": "?",
        "encoding_time": 0.06321430206298828,
        "solving_time": 1200.127545595169
    },
    "graph0015": {
        "answer": "?",
        "encoding_time": 0.07146048545837402,
        "solving_time": 1200.1351041793823
    },
    "graph0016": {
        "answer": "?",
        "encoding_time": 0.08265113830566406,
        "solving_time": 1200.1287643909454
    },
    "graph0017": {
        "answer": "?",
        "encoding_time": 0.08147621154785156,
        "solving_time": 1200.1449165344238
    },
    "graph0018": {
        "answer": "?",
        "encoding_time": 0.1045064926147461,
        "solving_time": 1200.140324831009
    },
    "graph0019": {
        "answer": "?",
        "encoding_time": 0.09411406517028809,
        "solving_time": 1200.1322951316833
    },
    "graph0020": {
        "answer": "?",
        "encoding_time": 0.09686088562011719,
        "solving_time": 1200.1314589977264
    },
    "graph0021": {
        "answer": "?",
        "encoding_time": 0.12465190887451172,
        "solving_time": 1200.1412634849548
    },
    "graph0022": {
        "answer": "?",
        "encoding_time": 0.1098489761352539,
        "solving_time": 1200.1327509880066
    },
    "graph0023": {
        "answer": "?",
        "encoding_time": 0.11501574516296387,
        "solving_time": 1200.1336619853973
    },
    "graph0024": {
        "answer": "?",
        "encoding_time": 0.13960862159729004,
        "solving_time": 1200.1402971744537
    },
    "graph0025": {
        "answer": "?",
        "encoding_time": 0.1288127899169922,
        "solving_time": 1200.1354835033417
    },
    "graph0026": {
        "answer": "?",
        "encoding_time": 0.14670801162719727,
        "solving_time": 1200.150991678238
    },
    "graph0027": {
        "answer": "?",
        "encoding_time": 0.1519911289215088,
        "solving_time": 1200.1243734359741
    },
    "graph0028": {
        "answer": "?",
        "encoding_time": 0.15775227546691895,
        "solving_time": 1200.1411740779877
    },
    "graph0029": {
        "answer": "?",
        "encoding_time": 0.18094706535339355,
        "solving_time": 1200.1496090888977
    },
    "graph0030": {
        "answer": "?",
        "encoding_time": 0.1783885955810547,
        "solving_time": 1200.0754499435425
    },
    "graph0031": {
        "answer": "?",
        "encoding_time": 0.18890786170959473,
        "solving_time": 1200.1474161148071
    },
    "graph0032": {
        "answer": "?",
        "encoding_time": 0.20445680618286133,
        "solving_time": 1200.1040666103363
    },
    "graph0033": {
        "answer": "?",
        "encoding_time": 0.2148904800415039,
        "solving_time": 1200.132954120636
    },
    "graph0034": {
        "answer": "?",
        "encoding_time": 0.2209165096282959,
        "solving_time": 1200.0914647579193
    },
    "graph0035": {
        "answer": "?",
        "encoding_time": 0.23493099212646484,
        "solving_time": 1200.091549873352
    },
    "graph0036": {
        "answer": "?",
        "encoding_time": 0.23367905616760254,
        "solving_time": 1200.1012732982635
    },
    "graph0037": {
        "answer": "?",
        "encoding_time": 0.354597806930542,
        "solving_time": 1200.2119307518005
    },
    "graph0038": {
        "answer": "?",
        "encoding_time": 0.2791416645050049,
        "solving_time": 1200.1676580905914
    },
    "graph0039": {
        "answer": "?",
        "encoding_time": 0.2928457260131836,
        "solving_time": 1200.1641924381256
    },
    "graph0040": {
        "answer": "?",
        "encoding_time": 0.2924160957336426,
        "solving_time": 1200.1665194034576
    },
    "graph0041": {
        "answer": "?",
        "encoding_time": 0.30762815475463867,
        "solving_time": 1200.1738560199738
    },
    "graph0042": {
        "answer": "?",
        "encoding_time": 0.3204047679901123,
        "solving_time": 1200.1595718860626
    },
    "graph0043": {
        "answer": "?",
        "encoding_time": 0.3371448516845703,
        "solving_time": 1200.1643669605255
    },
    "graph0044": {
        "answer": "?",
        "encoding_time": 0.33211612701416016,
        "solving_time": 1200.1593124866486
    },
    "graph0045": {
        "answer": "?",
        "encoding_time": 0.3526041507720947,
        "solving_time": 1200.1758415699005
    },
    "graph0046": {
        "answer": "?",
        "encoding_time": 0.35172510147094727,
        "solving_time": 1200.1627748012543
    },
    "graph0047": {
        "answer": "?",
        "encoding_time": 0.37660884857177734,
        "solving_time": 1200.1818356513977
    },
    "graph0048": {
        "answer": "?",
        "encoding_time": 0.390303373336792,
        "solving_time": 1200.165859222412
    },
    "graph0049": {
        "answer": "?",
        "encoding_time": 0.3997471332550049,
        "solving_time": 1200.1850793361664
    },
    "graph0050": {
        "answer": "?",
        "encoding_time": 0.4165327548980713,
        "solving_time": 1200.184517621994
    },
    "graph0051": {
        "answer": "?",
        "encoding_time": 0.43258142471313477,
        "solving_time": 1200.157621383667
    },
    "graph0052": {
        "answer": "?",
        "encoding_time": 0.41907644271850586,
        "solving_time": 1200.1583578586578
    },
    "graph0053": {
        "answer": "?",
        "encoding_time": 0.4596564769744873,
        "solving_time": 1200.1731016635895
    },
    "graph0054": {
        "answer": "?",
        "encoding_time": 0.43901991844177246,
        "solving_time": 1200.174880027771
    },
    "graph0055": {
        "answer": "?",
        "encoding_time": 0.4850935935974121,
        "solving_time": 1200.0933995246887
    },
    "graph0056": {
        "answer": "?",
        "encoding_time": 0.49524426460266113,
        "solving_time": 1200.183286190033
    },
    "graph0057": {
        "answer": "?",
        "encoding_time": 0.5363688468933105,
        "solving_time": 1200.168654203415
    },
    "graph0058": {
        "answer": "?",
        "encoding_time": 0.5370869636535645,
        "solving_time": 1200.1752235889435
    },