{
    "graph0001": {
        "answer": "?",
        "encoding_time": 0.026500940322875977,
        "solving_time": 1200.1771528720856
    },
    "graph0002": {
        "answer": "?",
        "encoding_time": 0.037383079528808594,
        "solving_time": 1200.153527021408
    },
    "graph0003": {
        "answer": "?",
        "encoding_time": 0.040616750717163086,
        "solving_time": 1200.212585926056
    },
    "graph0004": {
        "answer": "?",
        "encoding_time": 0.0450747013092041,
        "solving_time": 1200.195387840271
    },
    "graph0005": {
        "answer": "?",
        "encoding_time": 0.0532231330871582,
        "solving_time": 1200.2232658863068
    },
    "graph0006": {
        "answer": "?",
        "encoding_time": 0.056119441986083984,
        "solving_time": 1200.207824230194
    },
    "graph0007": {
        "answer": "?",
        "encoding_time": 0.06319904327392578,
        "solving_time": 1200.3479902744293
    },
    "graph0008": {
        "answer": "?",
        "encoding_time": 0.07660508155822754,
        "solving_time": 1200.2950975894928
    },
    "graph0009": {
        "answer": "?",
        "encoding_time": 0.07583308219909668,
        "solving_time": 1200.3467409610748
    },
    "graph0010": {
        "answer": "?",
        "encoding_time": 0.08260273933410645,
        "solving_time": 1200.3522458076477
    },
    "graph0011": {
        "answer": "?",
        "encoding_time": 0.1223607063293457,
        "solving_time": 1200.334989309311
    },
    "graph0012": {
        "answer": "?",
        "encoding_time": 0.10697674751281738,
        "solving_time": 1200.376751422882
    },
    "graph0013": {
        "answer": "?",
        "encoding_time": 0.11022138595581055,
        "solving_time": 1200.37784075737
    },
    "graph0014": {
        "answer": "?",
        "encoding_time": 0.1476917266845703,
        "solving_time": 1200.3792562484741
    },
    "graph0015": {
        "answer": "?",
        "encoding_time": 0.1468827724456787,
        "solving_time": 1200.348316669464
    },
    "graph0016": {
        "answer": "?",
        "encoding_time": 0.1629035472869873,
        "solving_time": 1200.2960963249207
    },
    "graph0017": {
        "answer": "?",
        "encoding_time": 0.14834833145141602,
        "solving_time": 1200.4695901870728
    },
    "graph0018": {
        "answer": "?",
        "encoding_time": 0.16352486610412598,
        "solving_time": 1200.415743112564
    },
    "graph0019": {
        "answer": "?",
        "encoding_time": 0.16849350929260254,
        "solving_time": 1200.3760001659393
    },
    "graph0020": {
        "answer": "?",
        "encoding_time": 0.17270565032958984,
        "solving_time": 1200.39120054245
    },
    "graph0021": {
        "answer": "?",
        "encoding_time": 0.18355798721313477,
        "solving_time": 1200.3816347122192
    },
    "graph0022": {
        "answer": "?",
        "encoding_time": 0.20696330070495605,
        "solving_time": 1200.338454246521
    },
    "graph0023": {
        "answer": "?",
        "encoding_time": 0.23317670822143555,
        "solving_time": 1200.357933998108
    },
    "graph0024": {
        "answer": "?",
        "encoding_time": 0.24126863479614258,
        "solving_time": 1200.3555402755737
    },
    "graph0025": {
        "answer": "?",
        "encoding_time": 0.24460244178771973,
        "solving_time": 1200.3574655056
    },
    "graph0026": {
        "answer": "?",
        "encoding_time": 0.2507326602935791,
        "solving_time": 1200.2172544002533
    },
    "graph0027": {
        "answer": "?",
        "encoding_time": 0.2519094944000244,
        "solving_time": 1200.391184091568
    },
    "graph0028": {
        "answer": "?",
        "encoding_time": 0.3009002208709717,
        "solving_time": 1200.4251685142517
    },
    "graph0029": {
        "answer": "?",
        "encoding_time": 0.31096529960632324,
        "solving_time": 1200.2600502967834
    },
    "graph0030": {
        "answer": "?",
        "encoding_time": 0.35323119163513184,
        "solving_time": 1200.2826399803162
    },
    "graph0031": {
        "answer": "?",
        "encoding_time": 0.33731865882873535,
        "solving_time": 1200.303252696991
    },
    "graph0032": {
        "answer": "?",
        "encoding_time": 0.37231922149658203,
        "solving_time": 1200.4191555976868
    },
    "graph0033": {
        "answer": "?",
        "encoding_time": 0.3650634288787842,
        "solving_time": 1200.3305583000183
    },
    "graph0034": {
        "answer": "?",
        "encoding_time": 0.37456631660461426,
        "solving_time": 1200.360089302063
    },
    "graph0035": {
        "answer": "?",
        "encoding_time": 0.39306044578552246,
        "solving_time": 1200.3558218479156
    },
    "graph0036": {
        "answer": "?",
        "encoding_time": 0.4651937484741211,
        "solving_time": 1200.1731898784637
    },
    "graph0037": {
        "answer": "?",
        "encoding_time": 0.4231595993041992,
        "solving_time": 1200.2975511550903
    },
    "graph0038": {
        "answer": "?",
        "encoding_time": 0.4642810821533203,
        "solving_time": 1200.2912955284119
    },
    "graph0039": {
        "answer": "?",
        "encoding_time": 0.48917460441589355,
        "solving_time": 1200.1968655586243
    },
    "graph0040": {
        "answer": "?",
        "encoding_time": 0.5442595481872559,
        "solving_time": 1200.3297197818756
    },
    "graph0041": {
        "answer": "?",
        "encoding_time": 0.649226188659668,
        "solving_time": 1200.3149020671844
    },
    "graph0042": {
        "answer": "?",
        "encoding_time": 0.5285356044769287,
        "solving_time": 1200.2141213417053
    },
    "graph0043": {
        "answer": "?",
        "encoding_time": 0.5578620433807373,
        "solving_time": 1200.3698980808258
    },
    "graph0044": {
        "answer": "?",
        "encoding_time": 0.558382511138916,
        "solving_time": 1200.3075139522552
    },
    "graph0045": {
        "answer": "?",
        "encoding_time": 0.5964810848236084,
        "solving_time": 1200.2373352050781
    },
    "graph0046": {
        "answer": "?",
        "encoding_time": 0.6590073108673096,
        "solving_time": 1200.2327954769135
    },
    "graph0047": {
        "answer": "?",
        "encoding_time": 0.6535298824310303,
        "solving_time": 1200.342066526413
    },
    "graph0048": {
        "answer": "?",
        "encoding_time": 0.6414461135864258,
        "solving_time": 1200.322009086609
    },
    "graph0049": {
        "answer": "?",
        "encoding_time": 0.6752593517303467,
        "solving_time": 1200.3373308181763
    },
    "graph0050": {
        "answer": "?",
        "encoding_time": 0.7325496673583984,
        "solving_time": 1200.2580914497375
    },
    "graph0051": {
        "answer": "?",
        "encoding_time": 0.8484632968902588,
        "solving_time": 1200.434279203415
    },
    "graph0052": {
        "answer": "?",
        "encoding_time": 0.9036750793457031,
        "solving_time": 1200.2677850723267
    },
    "graph0053": {
        "answer": "?",
        "encoding_time": 0.926041841506958,
        "solving_time": 1200.4804787635803
    },
    "graph0054": {
        "answer": "?",
        "encoding_time": 0.9958868026733398,
        "solving_time": 1200.3889334201813
    },
    "graph0055": {
        "answer": "?",
        "encoding_time": 0.9899094104766846,
        "solving_time": 1200.3592088222504
    },
    "graph0056": {
        "answer": "?",
        "encoding_time": 1.0162277221679688,
        "solving_time": 1200.2735738754272
    },
    "graph0057": {
        "answer": "?",
        "encoding_time": 1.0522980690002441,
        "solving_time": 1200.3199484348297
    },
    "graph0058": {
        "answer": "?",
        "encoding_time": 1.0921361446380615,
        "solving_time": 1200.3524312973022
    },
    "graph0059": {
        "answer": "?",