{
    "graph0001": {
        "answer": "?",
        "encoding_time": 0.015078306198120117,
        "solving_time": 1200.0302760601044
    },
    "graph0002": {
        "answer": "?",
        "encoding_time": 0.021403789520263672,
        "solving_time": 1200.1116380691528
    },
    "graph0003": {
        "answer": "?",
        "encoding_time": 0.0255887508392334,
        "solving_time": 1200.1033847332
    },
    "graph0004": {
        "answer": "?",
        "encoding_time": 0.02176189422607422,
        "solving_time": 1200.1057226657867
    },
    "graph0005": {
        "answer": "?",
        "encoding_time": 0.03478741645812988,
        "solving_time": 1200.1116020679474
    },
    "graph0006": {
        "answer": "?",
        "encoding_time": 0.03156638145446777,
        "solving_time": 1200.107513666153
    },
    "graph0007": {
        "answer": "?",
        "encoding_time": 0.04110574722290039,
        "solving_time": 1200.1069514751434
    },
    "graph0008": {
        "answer": "?",
        "encoding_time": 0.04966545104980469,
        "solving_time": 1200.1128706932068
    },
    "graph0009": {
        "answer": "?",
        "encoding_time": 0.04577279090881348,
        "solving_time": 1200.1192429065704
    },
    "graph0010": {
        "answer": "?",
        "encoding_time": 0.04869270324707031,
        "solving_time": 1200.1167862415314
    },
    "graph0011": {
        "answer": "?",
        "encoding_time": 0.054225921630859375,
        "solving_time": 1200.118839263916
    },
    "graph0012": {
        "answer": "?",
        "encoding_time": 0.05804157257080078,
        "solving_time": 1200.1121196746826
    },
    "graph0013": {
        "answer": "?",
        "encoding_time": 0.06759071350097656,
        "solving_time": 1200.12148976326
    },
    "graph0014": {
        "answer": "?",
        "encoding_time": 0.06984853744506836,
        "solving_time": 1200.0209839344025
    },
    "graph0015": {
        "answer": "?",
        "encoding_time": 0.07356142997741699,
        "solving_time": 1200.1128175258636
    },
    "graph0016": {
        "answer": "?",
        "encoding_time": 0.08424615859985352,
        "solving_time": 1200.0609407424927
    },
    "graph0017": {
        "answer": "?",
        "encoding_time": 0.08307957649230957,
        "solving_time": 1200.1200921535492
    },
    "graph0018": {
        "answer": "?",
        "encoding_time": 0.09325885772705078,
        "solving_time": 1200.1212797164917
    },
    "graph0019": {
        "answer": "?",
        "encoding_time": 0.0948948860168457,
        "solving_time": 1200.1217584609985
    },
    "graph0020": {
        "answer": "?",
        "encoding_time": 0.1081843376159668,
        "solving_time": 1200.112787246704
    },
    "graph0021": {
        "answer": "?",
        "encoding_time": 0.10714221000671387,
        "solving_time": 1200.1148254871368
    },
    "graph0022": {
        "answer": "?",
        "encoding_time": 0.10701107978820801,
        "solving_time": 1200.1191589832306
    },
    "graph0023": {
        "answer": "?",
        "encoding_time": 0.1313648223876953,
        "solving_time": 1200.1150977611542
    },
    "graph0024": {
        "answer": "?",
        "encoding_time": 0.12786507606506348,
        "solving_time": 1200.1099746227264
    },
    "graph0025": {
        "answer": "?",
        "encoding_time": 0.13261938095092773,
        "solving_time": 1200.1167414188385
    },
    "graph0026": {
        "answer": "?",
        "encoding_time": 0.16361618041992188,
        "solving_time": 1200.1232244968414
    },
    "graph0027": {
        "answer": "?",
        "encoding_time": 0.15294194221496582,
        "solving_time": 1200.1137232780457
    },
    "graph0028": {
        "answer": "?",
        "encoding_time": 0.15180373191833496,
        "solving_time": 1200.1220862865448
    },
    "graph0029": {
        "answer": "?",
        "encoding_time": 0.16992545127868652,
        "solving_time": 1200.1146802902222
    },
    "graph0030": {
        "answer": "?",
        "encoding_time": 0.1711122989654541,
        "solving_time": 1200.0363192558289
    },
    "graph0031": {
        "answer": "?",
        "encoding_time": 0.17825770378112793,
        "solving_time": 1200.1124753952026
    },
    "graph0032": {
        "answer": "?",
        "encoding_time": 0.1870439052581787,
        "solving_time": 1200.1127517223358
    },
    "graph0033": {
        "answer": "?",
        "encoding_time": 0.21445298194885254,
        "solving_time": 1200.123164653778
    },
    "graph0034": {
        "answer": "?",
        "encoding_time": 0.2174065113067627,
        "solving_time": 1200.1279561519623
    },
    "graph0035": {
        "answer": "?",
        "encoding_time": 0.23006892204284668,
        "solving_time": 1200.1208415031433
    },
    "graph0036": {
        "answer": "?",
        "encoding_time": 0.24190783500671387,
        "solving_time": 1200.1445262432098
    },
    "graph0037": {
        "answer": "?",
        "encoding_time": 0.26475071907043457,
        "solving_time": 1200.11669921875
    },
    "graph0038": {
        "answer": "?",
        "encoding_time": 0.26102542877197266,
        "solving_time": 1200.1208882331848
    },
    "graph0039": {
        "answer": "?",
        "encoding_time": 0.28450608253479004,
        "solving_time": 1200.1250371932983
    },
    "graph0040": {
        "answer": "?",
        "encoding_time": 0.2703053951263428,
        "solving_time": 1200.1178660392761
    },
    "graph0041": {
        "answer": "?",
        "encoding_time": 0.2950313091278076,
        "solving_time": 1200.116800069809
    },
    "graph0042": {
        "answer": "?",
        "encoding_time": 0.29903268814086914,
        "solving_time": 1200.125011920929
    },
    "graph0043": {
        "answer": "?",
        "encoding_time": 0.30977606773376465,
        "solving_time": 1200.1188218593597
    },
    "graph0044": {
        "answer": "?",
        "encoding_time": 0.3166697025299072,
        "solving_time": 1200.1278104782104
    },
    "graph0045": {
        "answer": "?",
        "encoding_time": 0.359635591506958,
        "solving_time": 1200.1360366344452
    },
    "graph0046": {
        "answer": "?",
        "encoding_time": 0.3738851547241211,
        "solving_time": 1200.1371943950653
    },
    "graph0047": {
        "answer": "?",
        "encoding_time": 0.381328821182251,
        "solving_time": 1200.1402587890625
    },
    "graph0048": {
        "answer": "?",
        "encoding_time": 0.40335512161254883,
        "solving_time": 1200.1294746398926
    },
    "graph0049": {
        "answer": "?",
        "encoding_time": 0.4098689556121826,
        "solving_time": 1200.0531134605408
    },
    "graph0050": {
        "answer": "?",
        "encoding_time": 0.4020071029663086,
        "solving_time": 1200.1365678310394
    },
    "graph0051": {
        "answer": "?",
        "encoding_time": 0.46607112884521484,
        "solving_time": 1200.129546880722
    },
    "graph0052": {
        "answer": "?",
        "encoding_time": 0.4757695198059082,
        "solving_time": 1200.1358006000519
    },
    "graph0053": {
        "answer": "?",
        "encoding_time": 0.4891037940979004,
        "solving_time": 1200.1298456192017
    },
    "graph0054": {
        "answer": "?",
        "encoding_time": 0.5219297409057617,
        "solving_time": 1200.0821335315704
    },
    "graph0055": {
        "answer": "?",
        "encoding_time": 0.5095922946929932,
        "solving_time": 1200.1351563930511
    },
    "graph0056": {
        "answer": "?",
        "encoding_time": 0.5412936210632324,
        "solving_time": 1200.0887715816498
    },
    "graph0057": {
        "answer": "?",
        "encoding_time": 0.5770118236541748,
        "solving_time": 1200.1312177181244
    },
    "graph0058": {
        "answer": "?",
        "encoding_time": 0.5553843975067139,
        "solving_time": 1200.0430617332458
    },