{
    "graph0001": {
        "answer": "?",
        "encoding_time": 0.03068709373474121,
        "solving_time": 1200.1077024936676
    },
    "graph0002": {
        "answer": "?",
        "encoding_time": 0.03720688819885254,
        "solving_time": 1200.1120731830597
    },
    "graph0003": {
        "answer": "?",
        "encoding_time": 0.04230022430419922,
        "solving_time": 1200.105295419693
    },
    "graph0004": {
        "answer": "?",
        "encoding_time": 0.04165077209472656,
        "solving_time": 1200.1056258678436
    },
    "graph0005": {
        "answer": "?",
        "encoding_time": 0.055924415588378906,
        "solving_time": 1200.1075015068054
    },
    "graph0006": {
        "answer": "?",
        "encoding_time": 0.0637507438659668,
        "solving_time": 1200.113111257553
    },
    "graph0007": {
        "answer": "?",
        "encoding_time": 0.06649589538574219,
        "solving_time": 1200.116958618164
    },
    "graph0008": {
        "answer": "?",
        "encoding_time": 0.0784764289855957,
        "solving_time": 1200.1159281730652
    },
    "graph0009": {
        "answer": "?",
        "encoding_time": 0.08597874641418457,
        "solving_time": 1200.1180720329285
    },
    "graph0010": {
        "answer": "?",
        "encoding_time": 0.08870983123779297,
        "solving_time": 1200.1146621704102
    },
    "graph0011": {
        "answer": "?",
        "encoding_time": 0.10074472427368164,
        "solving_time": 1200.1171865463257
    },
    "graph0012": {
        "answer": "?",
        "encoding_time": 0.1029362678527832,
        "solving_time": 1200.1108393669128
    },
    "graph0013": {
        "answer": "?",
        "encoding_time": 0.11648225784301758,
        "solving_time": 1200.1166622638702
    },
    "graph0014": {
        "answer": "?",
        "encoding_time": 0.11733174324035645,
        "solving_time": 1200.073646068573
    },
    "graph0015": {
        "answer": "?",
        "encoding_time": 0.1408994197845459,
        "solving_time": 1200.1224009990692
    },
    "graph0016": {
        "answer": "?",
        "encoding_time": 0.15419340133666992,
        "solving_time": 1200.1205732822418
    },
    "graph0017": {
        "answer": "?",
        "encoding_time": 0.1561429500579834,
        "solving_time": 1200.117393732071
    },
    "graph0018": {
        "answer": "?",
        "encoding_time": 0.17408323287963867,
        "solving_time": 1200.1149711608887
    },
    "graph0019": {
        "answer": "?",
        "encoding_time": 0.17507696151733398,
        "solving_time": 1200.118628025055
    },
    "graph0020": {
        "answer": "?",
        "encoding_time": 0.18464231491088867,
        "solving_time": 1200.112319469452
    },
    "graph0021": {
        "answer": "?",
        "encoding_time": 0.1890552043914795,
        "solving_time": 1200.1180489063263
    },
    "graph0022": {
        "answer": "?",
        "encoding_time": 0.3236970901489258,
        "solving_time": 1200.1144309043884
    },
    "graph0023": {
        "answer": "?",
        "encoding_time": 0.2228085994720459,
        "solving_time": 1200.115577697754
    },
    "graph0024": {
        "answer": "?",
        "encoding_time": 0.2433483600616455,
        "solving_time": 1200.117968082428
    },
    "graph0025": {
        "answer": "?",
        "encoding_time": 0.24859857559204102,
        "solving_time": 1200.0810942649841
    },
    "graph0026": {
        "answer": "?",
        "encoding_time": 0.26607632637023926,
        "solving_time": 1200.045744895935
    },
    "graph0027": {
        "answer": "?",
        "encoding_time": 0.2758486270904541,
        "solving_time": 1200.0690352916718
    },
    "graph0028": {
        "answer": "?",
        "encoding_time": 0.29728245735168457,
        "solving_time": 1200.1244649887085
    },
    "graph0029": {
        "answer": "?",
        "encoding_time": 0.320049524307251,
        "solving_time": 1200.0982189178467
    },
    "graph0030": {
        "answer": "?",
        "encoding_time": 0.34570837020874023,
        "solving_time": 1200.1170909404755
    },
    "graph0031": {
        "answer": "?",
        "encoding_time": 0.3429687023162842,
        "solving_time": 1200.0528531074524
    },
    "graph0032": {
        "answer": "?",
        "encoding_time": 0.3825540542602539,
        "solving_time": 1200.126838684082
    },
    "graph0033": {
        "answer": "?",
        "encoding_time": 0.39449095726013184,
        "solving_time": 1200.1201174259186
    },
    "graph0034": {
        "answer": "?",
        "encoding_time": 0.42101073265075684,
        "solving_time": 1200.1264741420746
    },
    "graph0035": {
        "answer": "?",
        "encoding_time": 0.40947461128234863,
        "solving_time": 1200.1239037513733
    },
    "graph0036": {
        "answer": "?",
        "encoding_time": 0.44780707359313965,
        "solving_time": 1200.131417274475
    },
    "graph0037": {
        "answer": "?",
        "encoding_time": 0.5881412029266357,
        "solving_time": 1200.0897371768951
    },
    "graph0038": {
        "answer": "?",
        "encoding_time": 0.4950861930847168,
        "solving_time": 1200.133722782135
    },
    "graph0039": {
        "answer": "?",
        "encoding_time": 0.5460934638977051,
        "solving_time": 1200.0442881584167
    },
    "graph0040": {
        "answer": "?",
        "encoding_time": 0.5751242637634277,
        "solving_time": 1200.1373898983002
    },
    "graph0041": {
        "answer": "?",
        "encoding_time": 0.7159459590911865,
        "solving_time": 1200.1346867084503
    },
    "graph0042": {
        "answer": "?",
        "encoding_time": 0.580941915512085,
        "solving_time": 1200.1361134052277
    },
    "graph0043": {
        "answer": "?",
        "encoding_time": 0.5875389575958252,
        "solving_time": 1200.1319231987
    },
    "graph0044": {
        "answer": "?",
        "encoding_time": 0.6169326305389404,
        "solving_time": 1200.1387326717377
    },
    "graph0045": {
        "answer": "?",
        "encoding_time": 0.6544392108917236,
        "solving_time": 1200.1302003860474
    },
    "graph0046": {
        "answer": "?",
        "encoding_time": 0.681638240814209,
        "solving_time": 1200.0506389141083
    },
    "graph0047": {
        "answer": "?",
        "encoding_time": 0.6924228668212891,
        "solving_time": 1200.1421387195587
    },
    "graph0048": {
        "answer": "?",
        "encoding_time": 0.7221851348876953,
        "solving_time": 1200.0705428123474
    },
    "graph0049": {
        "answer": "?",
        "encoding_time": 0.7341554164886475,
        "solving_time": 1200.1433255672455
    },
    "graph0050": {
        "answer": "?",
        "encoding_time": 0.7696495056152344,
        "solving_time": 1200.145178079605
    },
    "graph0051": {
        "answer": "?",
        "encoding_time": 0.7759637832641602,
        "solving_time": 1200.141591310501
    },
    "graph0052": {
        "answer": "?",
        "encoding_time": 0.7715587615966797,
        "solving_time": 1200.1434559822083
    },
    "graph0053": {
        "answer": "?",
        "encoding_time": 0.8323571681976318,
        "solving_time": 1200.1378483772278
    },
    "graph0054": {
        "answer": "?",
        "encoding_time": 0.8202974796295166,
        "solving_time": 1200.094324350357
    },
    "graph0055": {
        "answer": "?",
        "encoding_time": 0.8720974922180176,
        "solving_time": 1200.2143087387085
    },
    "graph0056": {
        "answer": "?",
        "encoding_time": 0.8982894420623779,
        "solving_time": 1200.1524155139923
    },
    "graph0057": {
        "answer": "?",
        "encoding_time": 0.91398024559021,
        "solving_time": 1200.0766379833221
    },
    "graph0058": {
        "answer": "?",
        "encoding_time": 0.9386661052703857,
        "solving_time": 1200.1386680603027
    },
    "graph0059": {
        "answer": "?",