{
    "graph0001": {
        "answer": "?",
        "encoding_time": 0.02390599250793457,
        "solving_time": 1200.1147911548615
    },
    "graph0002": {
        "answer": "?",
        "encoding_time": 0.03256797790527344,
        "solving_time": 1200.1125025749207
    },
    "graph0003": {
        "answer": "?",
        "encoding_time": 0.04024386405944824,
        "solving_time": 1200.1140322685242
    },
    "graph0004": {
        "answer": "?",
        "encoding_time": 0.04662132263183594,
        "solving_time": 1200.1140735149384
    },
    "graph0005": {
        "answer": "?",
        "encoding_time": 0.04977703094482422,
        "solving_time": 1200.117728471756
    },
    "graph0006": {
        "answer": "?",
        "encoding_time": 0.05603790283203125,
        "solving_time": 1200.1107544898987
    },
    "graph0007": {
        "answer": "?",
        "encoding_time": 0.05297422409057617,
        "solving_time": 1200.1176986694336
    },
    "graph0008": {
        "answer": "?",
        "encoding_time": 0.06670975685119629,
        "solving_time": 1200.1150290966034
    },
    "graph0009": {
        "answer": "?",
        "encoding_time": 0.06551313400268555,
        "solving_time": 1200.114325761795
    },
    "graph0010": {
        "answer": "?",
        "encoding_time": 0.0706491470336914,
        "solving_time": 1200.1153304576874
    },
    "graph0011": {
        "answer": "?",
        "encoding_time": 0.08455181121826172,
        "solving_time": 1200.1160428524017
    },
    "graph0012": {
        "answer": "?",
        "encoding_time": 0.09469008445739746,
        "solving_time": 1200.1124246120453
    },
    "graph0013": {
        "answer": "?",
        "encoding_time": 0.10607552528381348,
        "solving_time": 1200.1149468421936
    },
    "graph0014": {
        "answer": "?",
        "encoding_time": 0.11238789558410645,
        "solving_time": 1200.1026854515076
    },
    "graph0015": {
        "answer": "?",
        "encoding_time": 0.1434919834136963,
        "solving_time": 1200.0683908462524
    },
    "graph0016": {
        "answer": "?",
        "encoding_time": 0.13155055046081543,
        "solving_time": 1200.0754914283752
    },
    "graph0017": {
        "answer": "?",
        "encoding_time": 0.1408226490020752,
        "solving_time": 1200.045110464096
    },
    "graph0018": {
        "answer": "?",
        "encoding_time": 0.15675663948059082,
        "solving_time": 1200.0416643619537
    },
    "graph0019": {
        "answer": "?",
        "encoding_time": 0.15308761596679688,
        "solving_time": 1200.1175603866577
    },
    "graph0020": {
        "answer": "?",
        "encoding_time": 0.159315824508667,
        "solving_time": 1200.131007194519
    },
    "graph0021": {
        "answer": "?",
        "encoding_time": 0.18420171737670898,
        "solving_time": 1200.119860649109
    },
    "graph0022": {
        "answer": "?",
        "encoding_time": 0.17850685119628906,
        "solving_time": 1200.0570611953735
    },
    "graph0023": {
        "answer": "?",
        "encoding_time": 0.20140695571899414,
        "solving_time": 1200.0483660697937
    },
    "graph0024": {
        "answer": "?",
        "encoding_time": 0.20362114906311035,
        "solving_time": 1200.1190583705902
    },
    "graph0025": {
        "answer": "?",
        "encoding_time": 0.2126915454864502,
        "solving_time": 1200.1329748630524
    },
    "graph0026": {
        "answer": "?",
        "encoding_time": 0.23769068717956543,
        "solving_time": 1200.1232104301453
    },
    "graph0027": {
        "answer": "?",
        "encoding_time": 0.24046015739440918,
        "solving_time": 1200.120215177536
    },
    "graph0028": {
        "answer": "?",
        "encoding_time": 0.24663853645324707,
        "solving_time": 1200.1384427547455
    },
    "graph0029": {
        "answer": "?",
        "encoding_time": 0.30179619789123535,
        "solving_time": 1200.1337802410126
    },
    "graph0030": {
        "answer": "?",
        "encoding_time": 0.30539369583129883,
        "solving_time": 1200.137234210968
    },
    "graph0031": {
        "answer": "?",
        "encoding_time": 0.32358646392822266,
        "solving_time": 1200.1294395923615
    },
    "graph0032": {
        "answer": "?",
        "encoding_time": 0.35041284561157227,
        "solving_time": 1200.1345708370209
    },
    "graph0033": {
        "answer": "?",
        "encoding_time": 0.32983994483947754,
        "solving_time": 1200.1427164077759
    },
    "graph0034": {
        "answer": "?",
        "encoding_time": 0.36325645446777344,
        "solving_time": 1200.142141342163
    },
    "graph0035": {
        "answer": "?",
        "encoding_time": 0.3710176944732666,
        "solving_time": 1200.1279122829437
    },
    "graph0036": {
        "answer": "?",
        "encoding_time": 0.3834099769592285,
        "solving_time": 1200.1430189609528
    },
    "graph0037": {
        "answer": "?",
        "encoding_time": 0.4176967144012451,
        "solving_time": 1200.1259286403656
    },
    "graph0038": {
        "answer": "?",
        "encoding_time": 0.4274406433105469,
        "solving_time": 1200.1313035488129
    },
    "graph0039": {
        "answer": "?",
        "encoding_time": 0.4371001720428467,
        "solving_time": 1200.1304845809937
    },
    "graph0040": {
        "answer": "?",
        "encoding_time": 0.4515693187713623,
        "solving_time": 1200.1293625831604
    },
    "graph0041": {
        "answer": "?",
        "encoding_time": 0.4743211269378662,
        "solving_time": 1200.1287410259247
    },
    "graph0042": {
        "answer": "?",
        "encoding_time": 0.48120999336242676,
        "solving_time": 1200.1460220813751
    },
    "graph0043": {
        "answer": "?",
        "encoding_time": 0.554389238357544,
        "solving_time": 1200.1349604129791
    },
    "graph0044": {
        "answer": "?",
        "encoding_time": 0.5350592136383057,
        "solving_time": 1200.151279449463
    },
    "graph0045": {
        "answer": "?",
        "encoding_time": 0.5841960906982422,
        "solving_time": 1200.1550123691559
    },
    "graph0046": {
        "answer": "?",
        "encoding_time": 0.5992090702056885,
        "solving_time": 1200.1526274681091
    },
    "graph0047": {
        "answer": "?",
        "encoding_time": 0.6049983501434326,
        "solving_time": 1200.1415174007416
    },
    "graph0048": {
        "answer": "?",
        "encoding_time": 0.6177594661712646,
        "solving_time": 1200.1529557704926
    },
    "graph0049": {
        "answer": "?",
        "encoding_time": 0.6172733306884766,
        "solving_time": 1200.1396114826202
    },
    "graph0050": {
        "answer": "?",
        "encoding_time": 0.6389143466949463,
        "solving_time": 1200.1367058753967
    },
    "graph0051": {
        "answer": "?",
        "encoding_time": 0.6885366439819336,
        "solving_time": 1200.1556768417358
    },
    "graph0052": {
        "answer": "?",
        "encoding_time": 0.7006337642669678,
        "solving_time": 1200.143210887909
    },
    "graph0053": {
        "answer": "?",
        "encoding_time": 0.7092952728271484,
        "solving_time": 1200.154351234436
    },
    "graph0054": {
        "answer": "?",
        "encoding_time": 0.7879283428192139,
        "solving_time": 1200.1473081111908
    },
    "graph0055": {
        "answer": "?",
        "encoding_time": 0.7945218086242676,
        "solving_time": 1200.1456534862518
    },
    "graph0056": {
        "answer": "?",
        "encoding_time": 0.7794375419616699,
        "solving_time": 1200.1578941345215
    },
    "graph0057": {
        "answer": "?",
        "encoding_time": 0.8226077556610107,
        "solving_time": 1200.1447494029999
    },
    "graph0058": {
        "answer": "?",
        "encoding_time": 0.8187191486358643,
        "solving_time": 1200.146683216095
    },