{
    "graph0001": {
        "answer": "?",
        "encoding_time": 0.023960590362548828,
        "solving_time": 1200.0307676792145
    },
    "graph0002": {
        "answer": "?",
        "encoding_time": 0.0306699275970459,
        "solving_time": 1200.0210325717926
    },
    "graph0003": {
        "answer": "?",
        "encoding_time": 0.03529930114746094,
        "solving_time": 1200.0770633220673
    },
    "graph0004": {
        "answer": "?",
        "encoding_time": 0.046529531478881836,
        "solving_time": 1200.029324054718
    },
    "graph0005": {
        "answer": "?",
        "encoding_time": 0.0488591194152832,
        "solving_time": 1200.0430657863617
    },
    "graph0006": {
        "answer": "?",
        "encoding_time": 0.04836750030517578,
        "solving_time": 1200.0974748134613
    },
    "graph0007": {
        "answer": "?",
        "encoding_time": 0.06224679946899414,
        "solving_time": 1200.0951809883118
    },
    "graph0008": {
        "answer": "?",
        "encoding_time": 0.0738217830657959,
        "solving_time": 1200.028226852417
    },
    "graph0009": {
        "answer": "?",
        "encoding_time": 0.07508635520935059,
        "solving_time": 1200.0534451007843
    },
    "graph0010": {
        "answer": "?",
        "encoding_time": 0.08066534996032715,
        "solving_time": 1200.1219136714935
    },
    "graph0011": {
        "answer": "?",
        "encoding_time": 0.0892496109008789,
        "solving_time": 1200.0678849220276
    },
    "graph0012": {
        "answer": "?",
        "encoding_time": 0.09579062461853027,
        "solving_time": 1200.051022052765
    },
    "graph0013": {
        "answer": "?",
        "encoding_time": 0.10989260673522949,
        "solving_time": 1200.0499939918518
    },
    "graph0014": {
        "answer": "?",
        "encoding_time": 0.12535953521728516,
        "solving_time": 1200.0424740314484
    },
    "graph0015": {
        "answer": "?",
        "encoding_time": 0.12496805191040039,
        "solving_time": 1200.0502223968506
    },
    "graph0016": {
        "answer": "?",
        "encoding_time": 0.13936710357666016,
        "solving_time": 1200.1252653598785
    },
    "graph0017": {
        "answer": "?",
        "encoding_time": 0.15085649490356445,
        "solving_time": 1200.0594668388367
    },
    "graph0018": {
        "answer": "?",
        "encoding_time": 0.15071582794189453,
        "solving_time": 1200.0795629024506
    },
    "graph0019": {
        "answer": "?",
        "encoding_time": 0.1838390827178955,
        "solving_time": 1200.1209235191345
    },
    "graph0020": {
        "answer": "?",
        "encoding_time": 0.1730639934539795,
        "solving_time": 1200.0429389476776
    },
    "graph0021": {
        "answer": "?",
        "encoding_time": 0.17834186553955078,
        "solving_time": 1200.1305558681488
    },
    "graph0022": {
        "answer": "?",
        "encoding_time": 0.19376826286315918,
        "solving_time": 1200.1400980949402
    },
    "graph0023": {
        "answer": "?",
        "encoding_time": 0.19979596138000488,
        "solving_time": 1200.1386811733246
    },
    "graph0024": {
        "answer": "?",
        "encoding_time": 0.2167050838470459,
        "solving_time": 1200.131902217865
    },
    "graph0025": {
        "answer": "?",
        "encoding_time": 0.23147964477539062,
        "solving_time": 1200.1343235969543
    },
    "graph0026": {
        "answer": "?",
        "encoding_time": 0.2423543930053711,
        "solving_time": 1200.1452720165253
    },
    "graph0027": {
        "answer": "?",
        "encoding_time": 0.2541615962982178,
        "solving_time": 1200.0845892429352
    },
    "graph0028": {
        "answer": "?",
        "encoding_time": 0.29566121101379395,
        "solving_time": 1200.0797259807587
    },
    "graph0029": {
        "answer": "?",
        "encoding_time": 0.2888493537902832,
        "solving_time": 1200.0726959705353
    },
    "graph0030": {
        "answer": "?",
        "encoding_time": 0.2965219020843506,
        "solving_time": 1200.1419265270233
    },
    "graph0031": {
        "answer": "?",
        "encoding_time": 0.3060023784637451,
        "solving_time": 1200.143129825592
    },
    "graph0032": {
        "answer": "?",
        "encoding_time": 0.36414289474487305,
        "solving_time": 1200.1545057296753
    },
    "graph0033": {
        "answer": "?",
        "encoding_time": 0.35678863525390625,
        "solving_time": 1200.1420619487762
    },
    "graph0034": {
        "answer": "?",
        "encoding_time": 0.36792421340942383,
        "solving_time": 1200.1371018886566
    },
    "graph0035": {
        "answer": "?",
        "encoding_time": 0.40353989601135254,
        "solving_time": 1200.1535136699677
    },
    "graph0036": {
        "answer": "?",
        "encoding_time": 0.4221971035003662,
        "solving_time": 1200.143605709076
    },
    "graph0037": {
        "answer": "?",
        "encoding_time": 0.4424598217010498,
        "solving_time": 1200.1635551452637
    },
    "graph0038": {
        "answer": "?",
        "encoding_time": 0.4524717330932617,
        "solving_time": 1200.1403505802155
    },
    "graph0039": {
        "answer": "?",
        "encoding_time": 0.443972110748291,
        "solving_time": 1200.1471917629242
    },
    "graph0040": {
        "answer": "?",
        "encoding_time": 0.4810824394226074,
        "solving_time": 1200.1512167453766
    },
    "graph0041": {
        "answer": "?",
        "encoding_time": 0.5001926422119141,
        "solving_time": 1200.1637542247772
    },
    "graph0042": {
        "answer": "?",
        "encoding_time": 0.5134773254394531,
        "solving_time": 1200.1499531269073
    },
    "graph0043": {
        "answer": "?",
        "encoding_time": 0.5331482887268066,
        "solving_time": 1200.1558511257172
    },
    "graph0044": {
        "answer": "?",
        "encoding_time": 0.5757465362548828,
        "solving_time": 1200.1677668094635
    },
    "graph0045": {
        "answer": "?",
        "encoding_time": 0.5834310054779053,
        "solving_time": 1200.150805234909
    },
    "graph0046": {
        "answer": "?",
        "encoding_time": 0.5976722240447998,
        "solving_time": 1200.1002955436707
    },
    "graph0047": {
        "answer": "?",
        "encoding_time": 0.6447310447692871,
        "solving_time": 1200.156865119934
    },
    "graph0048": {
        "answer": "?",
        "encoding_time": 0.893925666809082,
        "solving_time": 1200.1698024272919
    },
    "graph0049": {
        "answer": "?",
        "encoding_time": 0.6440351009368896,
        "solving_time": 1200.1589398384094
    },
    "graph0050": {
        "answer": "?",
        "encoding_time": 0.6765151023864746,
        "solving_time": 1200.1514773368835
    },
    "graph0051": {
        "answer": "?",
        "encoding_time": 0.7433021068572998,
        "solving_time": 1200.1591017246246
    },
    "graph0052": {
        "answer": "?",
        "encoding_time": 0.7391748428344727,
        "solving_time": 1200.163208246231
    },
    "graph0053": {
        "answer": "?",
        "encoding_time": 0.762779712677002,
        "solving_time": 1200.1632134914398
    },
    "graph0054": {
        "answer": "?",
        "encoding_time": 0.7803323268890381,
        "solving_time": 1200.1534111499786
    },
    "graph0055": {
        "answer": "?",
        "encoding_time": 0.8182649612426758,
        "solving_time": 1200.1631116867065
    },
    "graph0056": {
        "answer": "?",
        "encoding_time": 0.8578407764434814,
        "solving_time": 1200.1757459640503
    },
    "graph0057": {
        "answer": "?",
        "encoding_time": 0.8535840511322021,
        "solving_time": 1200.1686706542969
    },
    "graph0058": {
        "answer": "?",
        "encoding_time": 0.8909177780151367,
        "solving_time": 1200.158902168274
    },