{
    "test00017.tn": {
        "answer": 1,
        "encoding_time": 0.007761955261230469,
        "solving_time": 0.11149168014526367
    },
    "test00019.tn": {
        "answer": 1,
        "encoding_time": 0.011996984481811523,
        "solving_time": 0.10215616226196289
    },
    "test00021.tn": {
        "answer": 1,
        "encoding_time": 0.013148784637451172,
        "solving_time": 0.16843819618225098
    },
    "test00023.tn": {
        "answer": 1,
        "encoding_time": 0.013094902038574219,
        "solving_time": 0.14103007316589355
    },
    "test00024.tn": {
        "answer": 1,
        "encoding_time": 0.01545572280883789,
        "solving_time": 0.1595621109008789
    },
    "test00340.tn": {
        "answer": 1,
        "encoding_time": 0.17477774620056152,
        "solving_time": 4.317339897155762
    },
    "test00342.tn": {
        "answer": 1,
        "encoding_time": 0.17447924613952637,
        "solving_time": 3.9126830101013184
    },
    "test00344.tn": {
        "answer": 0,
        "encoding_time": 0.17318391799926758,
        "solving_time": 3.0271148681640625
    },
    "test00345.tn": {
        "answer": 0,
        "encoding_time": 0.18100404739379883,
        "solving_time": 3.4269890785217285
    },
    "test01155.tn": {
        "answer": "?",
        "encoding_time": 0.5657479763031006,
        "solving_time": 20.036344051361084
    },
    "test01156.tn": {
        "answer": "?",
        "encoding_time": 0.5797748565673828,
        "solving_time": 20.034616231918335
    },
    "test01660.tn": {
        "answer": "?",
        "encoding_time": 0.8436479568481445,
        "solving_time": 20.042995929718018
    }
}