{
    "test00017.tn": {
        "answer": 1,
        "encoding_time": 0.002621889114379883,
        "solving_time": 0.04683709144592285
    },
    "test00019.tn": {
        "answer": 1,
        "encoding_time": 0.0030350685119628906,
        "solving_time": 0.06805801391601562
    },
    "test00021.tn": {
        "answer": 1,
        "encoding_time": 0.003756999969482422,
        "solving_time": 0.07158875465393066
    },
    "test00023.tn": {
        "answer": 1,
        "encoding_time": 0.005300998687744141,
        "solving_time": 0.05882382392883301
    },
    "test00024.tn": {
        "answer": 1,
        "encoding_time": 0.008059978485107422,
        "solving_time": 0.06945610046386719
    },
    "test00340.tn": {
        "answer": 1,
        "encoding_time": 0.07370591163635254,
        "solving_time": 0.8522698879241943
    },
    "test00342.tn": {
        "answer": 1,
        "encoding_time": 0.059065818786621094,
        "solving_time": 0.8112409114837646
    },
    "test00344.tn": {
        "answer": 0,
        "encoding_time": 0.061570167541503906,
        "solving_time": 0.6668150424957275
    },
    "test00345.tn": {
        "answer": 0,
        "encoding_time": 0.06244397163391113,
        "solving_time": 0.7950358390808105
    },
    "test01155.tn": {
        "answer": 1,
        "encoding_time": 0.18996667861938477,
        "solving_time": 7.063820123672485
    },
    "test01156.tn": {
        "answer": 1,
        "encoding_time": 0.19950509071350098,
        "solving_time": 7.078394889831543
    },
    "test01660.tn": {
        "answer": 1,
        "encoding_time": 0.2794220447540283,
        "solving_time": 15.50951337814331
    }
}