{
    "test00017.tn": {
        "answer": 1,
        "encoding_time": 0.006942033767700195,
        "solving_time": 0.08462190628051758
    },
    "test00019.tn": {
        "answer": 1,
        "encoding_time": 0.008617877960205078,
        "solving_time": 0.08437824249267578
    },
    "test00021.tn": {
        "answer": 1,
        "encoding_time": 0.017590045928955078,
        "solving_time": 0.11345911026000977
    },
    "test00023.tn": {
        "answer": 1,
        "encoding_time": 0.010655879974365234,
        "solving_time": 0.11084294319152832
    },
    "test00024.tn": {
        "answer": 1,
        "encoding_time": 0.013379096984863281,
        "solving_time": 0.1422719955444336
    },
    "test00340.tn": {
        "answer": 1,
        "encoding_time": 0.13905596733093262,
        "solving_time": 3.4407238960266113
    },
    "test00342.tn": {
        "answer": 1,
        "encoding_time": 0.13351917266845703,
        "solving_time": 3.203680992126465
    },
    "test00344.tn": {
        "answer": 0,
        "encoding_time": 0.14673686027526855,
        "solving_time": 2.2554829120635986
    },
    "test00345.tn": {
        "answer": 0,
        "encoding_time": 0.14424395561218262,
        "solving_time": 2.7161080837249756
    },
    "test01155.tn": {
        "answer": "?",
        "encoding_time": 0.4587280750274658,
        "solving_time": 20.03046703338623
    },
    "test01156.tn": {
        "answer": "?",
        "encoding_time": 0.4720149040222168,
        "solving_time": 20.03138780593872
    },
    "test01660.tn": {
        "answer": "?",
        "encoding_time": 0.6780469417572021,
        "solving_time": 20.03921103477478
    }
}